order_priority,discount,unit_price,freight_expenses,freight_mode,segment,product_type,product_sub_category,product_container,state,city,region,country,order_date,ship_date,profit,qty_ordered,sales,locality,age_group
High,0.03,4.26,1.2,regular air,restaurant chain,processed meat,Foie Gras,Wrap Bag,kerala,pathanamthitta,south,India,2010-01-03,2010-01-04,18.658,7,29.5,Adyar,25-34
Low,0.08,43.22,16.71,regular air,hotels / hospitals,canned foods,Assorted Fruits,Small Box,andhra pradesh,vizianagaram,south,India,2010-01-03,2010-01-05,280.27458,3,130.62,Tambaram,50+
Low,0.05,574.74,24.49,regular air,hotels / hospitals,canned foods,Sliced Pineapple,Large Box,andhra pradesh,vizianagaram,south,India,2010-01-03,2010-01-10,-112.4263,12,6945.16,Tambaram,35-50
High,0.04,10.14,2.27,regular air,hotels / hospitals,processed meat,Smoked Salmon,Wrap Bag,andhra pradesh,vizianagaram,south,India,2010-01-03,2010-01-07,24.924,3,30.94,T Nagar,35-50
Low,0.03,297.64,14.7,delivery truck,hotels / hospitals,canned foods,Sliced Pineapple,Jumbo Drum,tamil nadu,coimbatore,south,India,2010-01-10,2010-01-15,-48.971999999999994,12,3707.05,Anna Nagar,25-34
High,0.09,2.88,0.7,regular air,personel usage,processed meat,Foie Gras,Wrap Bag,kerala,trivandrum,south,India,2010-01-15,2010-01-16,-172.71800000000002,2,5.5,T Nagar,18-24
High,0.07,30.98,5.76,regular air,personel usage,processed meat,Smoked Salmon,Small Box,tamil nadu,vellore,south,India,2010-01-23,2010-01-25,-28.798000000000002,11,343.79,Anna Nagar,18-24
High,0.0001,6.88,2.0,express air,restaurant chain,processed meat,Smoked Salmon,Wrap Bag,tamil nadu,perambalur,south,India,2010-01-28,2010-01-29,46.14719999999999,9,66.88,Velachery,35-50
High,0.03,32.48,35.0,express air,restaurant chain,processed meat,Fresh Water Eel,Large Box,tamil nadu,perambalur,south,India,2010-01-28,2010-01-28,-1116.3348,8,274.91,Velachery,25-34
High,0.06,55.48,14.3,regular air,hotels / hospitals,processed meat,Smoked Salmon,Small Box,kerala,kozhikode,south,India,2010-01-28,2010-01-29,-28.2968,1,67.49,OMR,35-50
High,0.02,1.68,1.57,regular air,hotels / hospitals,processed meat,Foie Gras,Wrap Bag,kerala,kozhikode,south,India,2010-01-28,2010-01-30,-5.3072,1,2.25,T Nagar,25-34
Not Specified,0.02,35.99,5.0,regular air,restaurant chain,canned foods,Quail Eggs,Small Box,tamil nadu,pollachi,south,India,2010-02-03,2010-02-05,-120.934,7,227.79,T Nagar,35-50
High,0.03,2.94,0.96,regular air,restaurant chain,processed meat,Foie Gras,Wrap Bag,tamil nadu,tirunelveli,south,India,2010-02-04,2010-02-08,-4.2,1,3.51,OMR,35-50
High,0.1,7.28,5.47,regular air,hotels / hospitals,processed meat,Smoked Salmon,Small Box,tamil nadu,karur,south,India,2010-02-13,2010-02-13,167.334,12,83.14,Velachery,25-34
High,0.05,6.04,2.14,express air,hotels / hospitals,processed meat,Smoked Salmon,Wrap Bag,tamil nadu,theni,south,India,2010-02-17,2010-02-19,-4.14,1,8.41,OMR,25-34
High,0.05,19.23,6.15,express air,hotels / hospitals,preserved food,Marmalade,Small Pack,kerala,alleppey,south,India,2010-02-20,2010-02-22,-2133.2780000000002,6,119.78,T Nagar,25-34
High,0.1,3.6,2.2,regular air,personel usage,processed meat,Smoked Salmon,Wrap Bag,kerala,kottayam,south,India,2010-02-26,2010-02-27,-8.28,2,6.97,OMR,18-24
High,0.01,7.64,1.39,express air,hotels / hospitals,processed meat,Caviar,Small Box,telangana,adilabad,south,India,2010-03-09,2010-03-13,-1676.6119999999999,9,73.29,Anna Nagar,35-50
Low,0.07,400.97,48.26,delivery truck,hotels / hospitals,canned foods,Sliced Pineapple,Jumbo Box,telangana,adilabad,south,India,2010-03-09,2010-03-13,45.12779999999999,8,2961.32,Porur,35-50
Not Specified,0.03,14.2,5.3,regular air,restaurant chain,preserved food,Marmalade,Wrap Bag,tamil nadu,tiruvallur,south,India,2010-03-15,2010-03-17,21.5556,2,31.24,Porur,18-24
High,0.07,225.04,11.79,regular air,personel usage,processed meat,Jelly Fish,Medium Box,tamil nadu,madurai,south,India,2010-03-26,2010-03-26,-162.918,5,1130.15,Velachery,25-34
High,0.03,7.84,4.71,regular air,personel usage,processed meat,Bacon,Small Box,tamil nadu,madurai,south,India,2010-03-26,2010-03-29,859.7177999999999,7,54.37,Velachery,18-24
High,0.09,20.89,11.52,regular air,restaurant chain,processed meat,Fresh Water Eel,Small Box,karnataka,belgaum,south,India,2010-03-26,2010-03-27,-133.546,7,146.5,Anna Nagar,18-24
Low,0.1,15.98,4.0,regular air,hotels / hospitals,canned foods,Assorted Fruits,Small Box,tamil nadu,theni,south,India,2010-03-27,2010-04-01,92.72219999999999,9,134.38,Anna Nagar,35-50
Critical,0.09,20.99,4.81,express air,restaurant chain,canned foods,Quail Eggs,Medium Box,karnataka,belgaum,south,India,2010-03-31,2010-04-01,272.69399999999996,2,38.98,Velachery,25-34
High,0.01,4.91,0.5,regular air,restaurant chain,processed meat,Oysters (Clam),Small Box,kerala,pathanamthitta,south,India,2010-04-04,2010-04-06,40.247699999999995,12,58.33,Anna Nagar,35-50
High,0.09,4.0,1.3,express air,restaurant chain,processed meat,Smoked Salmon,Wrap Bag,kerala,pathanamthitta,south,India,2010-04-04,2010-04-06,14.0898,5,20.42,OMR,18-24
High,0.01,13.43,5.5,express air,hotels / hospitals,processed meat,Fresh Water Eel,Small Box,kerala,trivandrum,south,India,2010-04-06,2010-04-13,-313.02180000000004,7,99.75,Tambaram,35-50
High,0.03,4.48,49.0,regular air,personel usage,processed meat,Jelly Fish,Large Box,andhra pradesh,guntur,south,India,2010-04-09,2010-04-11,64.26599999999999,2,21.46,OMR,25-34
High,0.06,350.99,39.0,delivery truck,personel usage,preserved food,Sundried Tomatoes,Jumbo Drum,andhra pradesh,guntur,south,India,2010-04-09,2010-04-11,-302.6156,10,3506.78,Tambaram,18-24
High,0.09,40.98,6.5,express air,personel usage,canned foods,Assorted Fruits,Small Box,andhra pradesh,guntur,south,India,2010-04-09,2010-04-11,5.6916,7,267.69,Velachery,25-34
High,0.09,349.45,60.0,delivery truck,personel usage,preserved food,Jams,Jumbo Drum,andhra pradesh,guntur,south,India,2010-04-09,2010-04-10,-369.10999999999996,7,2307.26,T Nagar,18-24
High,0.05,35.51,6.31,regular air,personel usage,processed meat,Fresh Water Eel,Small Box,tamil nadu,tenkasi,south,India,2010-04-12,2010-04-14,6.11,2,73.1,OMR,18-24
High,0.1,8.34,2.64,regular air,personel usage,processed meat,Pacific Squid,Small Pack,tamil nadu,thanjavur,south,India,2010-04-12,2010-04-12,-6.34,6,47.95,Velachery,35-50
High,0.03,8.04,8.94,regular air,personel usage,processed meat,Bacon,Small Box,tamil nadu,theni,south,India,2010-04-12,2010-04-14,-160.2755,9,76.77,OMR,35-50
High,0.08,7.28,11.15,express air,stand alone restaurants,processed meat,Smoked Salmon,Small Box,tamil nadu,kanniyakumari,south,India,2010-04-13,2010-04-14,-44.415000000000006,1,14.66,Anna Nagar,35-50
High,0.0001,2.78,1.49,express air,personel usage,processed meat,Bacon,Small Box,tamil nadu,tenkasi,south,India,2010-04-16,2010-04-17,20.6448,9,29.92,T Nagar,18-24
High,0.02,419.19,19.99,regular air,hotels / hospitals,processed meat,Fresh Water Eel,Small Box,andhra pradesh,ongole,south,India,2010-04-17,2010-04-17,-39.606,10,4354.55,Nungambakkam,25-34
Low,0.01,79.52,48.2,regular air,restaurant chain,preserved food,Marmalade,Medium Box,kerala,trivandrum,south,India,2010-04-19,2010-04-26,-40.684,8,667.84,T Nagar,25-34
High,0.05,363.25,19.99,express air,hotels / hospitals,processed meat,Jelly Fish,Small Box,karnataka,koppal,south,India,2010-04-21,2010-04-21,-269.7555,5,1867.04,Nungambakkam,35-50
High,0.04,15.42,10.68,express air,hotels / hospitals,processed meat,Fresh Water Eel,Small Box,telangana,mahbubnagar,south,India,2010-04-22,2010-04-23,-109.70400000000001,5,81.14,Nungambakkam,25-34
Medium,0.08,125.99,7.69,regular air,personel usage,canned foods,Quail Eggs,Small Box,tamil nadu,salem,south,India,2010-04-29,2010-04-30,374.625,7,710.36,Tambaram,25-34
High,0.08,4.0,1.3,regular air,stand alone restaurants,processed meat,Smoked Salmon,Wrap Bag,andhra pradesh,nellore,south,India,2010-05-02,2010-05-04,28.4,14,51.99,Tambaram,18-24
High,0.05,6.48,2.74,regular air,hotels / hospitals,canned foods,Assorted Fruits,Small Pack,andhra pradesh,narasaraopet,south,India,2010-05-09,2010-05-09,15.096,15,94.27,OMR,50+
High,0.09,12.53,0.5,regular air,hotels / hospitals,processed meat,Oysters (Clam),Small Box,andhra pradesh,narasaraopet,south,India,2010-05-09,2010-05-10,14.912399999999998,7,82.21,Adyar,25-34
High,0.08,65.99,8.99,express air,hotels / hospitals,canned foods,Quail Eggs,Small Box,andhra pradesh,narasaraopet,south,India,2010-05-09,2010-05-11,-135.226,8,417.47,Porur,35-50
High,0.01,15.67,1.39,express air,personel usage,processed meat,Caviar,Small Box,tamil nadu,vellore,south,India,2010-05-11,2010-05-11,-273.98,11,188.09,Anna Nagar,18-24
Not Specified,0.01,65.99,8.99,express air,stand alone restaurants,canned foods,Quail Eggs,Small Box,tamil nadu,tenkasi,south,India,2010-05-20,2010-05-21,396.972,14,782.0,Velachery,25-34
High,0.01,5.94,9.92,regular air,restaurant chain,processed meat,Bacon,Small Box,tamil nadu,tiruvallur,south,India,2010-05-20,2010-05-23,-239.315,12,74.77,Adyar,25-34
High,0.0001,6.48,5.11,regular air,restaurant chain,processed meat,Smoked Salmon,Small Box,tamil nadu,tiruvallur,south,India,2010-05-20,2010-05-22,-33.31,18,127.81,Velachery,18-24
Medium,0.01,115.99,56.14,delivery truck,restaurant chain,canned foods,Sliced Pineapple,Jumbo Drum,andhra pradesh,srikakulam,south,India,2010-05-22,2010-05-23,-164.39520000000002,5,604.35,Velachery,35-50
High,0.06,47.9,5.86,regular air,personel usage,processed meat,Smoked Salmon,Small Box,andhra pradesh,vijayawada,south,India,2010-05-25,2010-05-27,21.78,2,94.2,Anna Nagar,35-50
High,0.02,6.48,7.91,regular air,hotels / hospitals,processed meat,Smoked Salmon,Small Box,telangana,nalgonda,south,India,2010-05-29,2010-05-31,-1191.526,2,16.5,Adyar,50+
Low,0.09,20.99,2.5,regular air,hotels / hospitals,canned foods,Quail Eggs,Wrap Bag,telangana,karimnagar,south,India,2010-06-24,2010-07-01,-136.122,6,100.11,Porur,50+
High,0.06,105.29,10.12,regular air,hotels / hospitals,preserved food,Marmalade,Large Box,telangana,nalgonda,south,India,2010-07-04,2010-07-06,-45.01,12,1202.66,Anna Nagar,35-50
High,0.06,4.48,49.0,regular air,hotels / hospitals,processed meat,Jelly Fish,Large Box,tamil nadu,dindigul,south,India,2010-07-13,2010-07-17,-566.0,4,32.6,Nungambakkam,50+
High,0.03,6.45,1.34,regular air,personel usage,processed meat,Smoked Salmon,Wrap Bag,kerala,kasaragod,south,India,2010-07-14,2010-07-19,39.1299,9,56.71,OMR,18-24
High,0.02,7.1,6.05,regular air,hotels / hospitals,processed meat,Bacon,Small Box,telangana,nizamabad,south,India,2010-07-20,2010-07-20,-66.378,9,66.32,Tambaram,25-34
Critical,0.07,3502.14,8.73,delivery truck,hotels / hospitals,canned foods,Sliced Pineapple,Jumbo Box,tamil nadu,tiruchchirappalli,south,India,2010-07-28,2010-07-30,-6923.5992,1,3267.55,Adyar,25-34
High,0.08,4.48,2.5,regular air,personel usage,processed meat,Caviar,Small Box,tamil nadu,salem,south,India,2010-08-14,2010-08-15,-3.2448,19,80.2,Tambaram,18-24
High,0.02,4.98,0.49,regular air,hotels / hospitals,processed meat,Oysters (Clam),Small Box,telangana,khammam,south,India,2010-08-15,2010-08-16,-52.864,17,87.11,Tambaram,35-50
Critical,0.01,20.99,0.99,regular air,hotels / hospitals,canned foods,Quail Eggs,Small Pack,telangana,khammam,south,India,2010-08-15,2010-08-16,45.378,9,170.46,T Nagar,25-34
Not Specified,0.07,2036.48,14.7,delivery truck,hotels / hospitals,canned foods,Sliced Pineapple,Jumbo Drum,tamil nadu,chidambaram,south,India,2010-08-21,2010-08-21,6028.41,6,10331.09,Tambaram,50+
High,0.0001,47.9,5.86,regular air,restaurant chain,processed meat,Smoked Salmon,Small Box,karnataka,haveri,south,India,2010-08-22,2010-08-24,638.3811,18,925.19,T Nagar,25-34
Not Specified,0.05,124.49,51.94,delivery truck,restaurant chain,preserved food,Jams,Jumbo Box,tamil nadu,tiruppur,south,India,2010-08-24,2010-08-24,-44.1636,1,120.12,Porur,18-24
High,0.0001,195.99,8.99,regular air,restaurant chain,canned foods,Quail Eggs,Small Box,tamil nadu,arani,south,India,2010-08-24,2010-08-25,114.88199999999999,5,882.93,Nungambakkam,25-34
Not Specified,0.0001,115.99,2.5,regular air,hotels / hospitals,canned foods,Quail Eggs,Small Box,tamil nadu,sivaganga,south,India,2010-09-10,2010-09-10,162.666,6,627.04,Anna Nagar,25-34
High,0.02,5.98,5.79,regular air,hotels / hospitals,processed meat,Smoked Salmon,Small Box,tamil nadu,tiruchchirappalli,south,India,2010-09-10,2010-09-11,-67.49,17,110.19,Anna Nagar,50+
High,0.06,2.61,0.5,express air,hotels / hospitals,processed meat,Oysters (Clam),Small Box,tamil nadu,namakkal,south,India,2010-09-11,2010-09-11,10.85,1,17.59,Tambaram,25-34
High,0.01,6.35,1.02,regular air,hotels / hospitals,processed meat,Smoked Salmon,Wrap Bag,tamil nadu,namakkal,south,India,2010-09-11,2010-09-13,97.66259999999998,22,141.54,Anna Nagar,50+
Low,0.01,85.99,0.99,regular air,hotels / hospitals,canned foods,Quail Eggs,Wrap Bag,andhra pradesh,ongole,south,India,2010-09-12,2010-09-17,311.72999999999996,2,146.17,Porur,50+
High,0.0001,387.99,19.99,regular air,hotels / hospitals,processed meat,Bacon,Small Box,andhra pradesh,rajahmundry,south,India,2010-09-16,2010-09-17,-70.14,23,9280.72,T Nagar,25-34
High,0.1,10.98,3.99,regular air,hotels / hospitals,processed meat,Jelly Fish,Small Box,andhra pradesh,vijayawada,south,India,2010-09-17,2010-09-24,-21.03,5,52.21,T Nagar,25-34
Low,0.01,39.98,9.2,regular air,hotels / hospitals,preserved food,Marmalade,Wrap Bag,andhra pradesh,vijayawada,south,India,2010-09-17,2010-09-19,117.52079999999998,4,170.32,Nungambakkam,50+
High,0.05,4.98,0.49,regular air,personel usage,processed meat,Oysters (Clam),Small Box,telangana,nizamabad,south,India,2010-09-19,2010-09-19,3.84,3,14.2,OMR,25-34
High,0.1,20.27,3.99,regular air,hotels / hospitals,processed meat,Jelly Fish,Small Box,andhra pradesh,vishakhapatnam,south,India,2010-09-23,2010-09-24,381.61799999999994,13,257.92,Tambaram,35-50
Critical,0.06,17.98,4.0,regular air,personel usage,canned foods,Assorted Fruits,Small Box,tamil nadu,ramanathapuram,south,India,2010-09-24,2010-09-25,-78.13,4,70.06,Anna Nagar,35-50
Critical,0.06,200.97,15.59,delivery truck,stand alone restaurants,canned foods,Sliced Pineapple,Jumbo Drum,andhra pradesh,rajahmundry,south,India,2010-09-25,2010-09-25,531.6179999999999,7,1348.83,OMR,18-24
High,0.0001,19.98,5.97,express air,hotels / hospitals,processed meat,Smoked Salmon,Small Box,karnataka,mysore,south,India,2010-09-26,2010-09-29,-189.714,12,249.07,Adyar,35-50
High,0.01,65.99,8.99,regular air,personel usage,canned foods,Quail Eggs,Small Box,kerala,trivandrum,south,India,2010-09-29,2010-10-01,97.86,5,292.23,Adyar,18-24
High,0.07,5.18,5.74,express air,hotels / hospitals,processed meat,Bacon,Small Box,kerala,trivandrum,south,India,2010-10-06,2010-10-08,-188.034,14,79.61,OMR,50+
High,0.01,2.89,0.5,regular air,hotels / hospitals,processed meat,Oysters (Clam),Small Box,andhra pradesh,nandyal,south,India,2010-10-06,2010-10-07,29.725199999999997,14,43.08,Adyar,35-50
Critical,0.0001,55.99,5.0,regular air,hotels / hospitals,canned foods,Quail Eggs,Small Pack,andhra pradesh,nandyal,south,India,2010-10-06,2010-10-08,-187.11,5,258.93,Velachery,35-50
Not Specified,0.08,100.97,14.0,delivery truck,restaurant chain,canned foods,Sliced Pineapple,Jumbo Drum,karnataka,bijapur,south,India,2010-10-09,2010-10-10,-73.49411999999994,15,1483.16,Anna Nagar,18-24
High,0.01,4.98,7.44,regular air,hotels / hospitals,processed meat,Smoked Salmon,Small Box,tamil nadu,chidambaram,south,India,2010-10-15,2010-10-24,-161.6328,16,83.86,Tambaram,35-50
High,0.1,4.24,5.41,regular air,hotels / hospitals,processed meat,Bacon,Small Box,karnataka,belgaum,south,India,2010-10-19,2010-10-23,-61.6,8,34.16,Anna Nagar,35-50
High,0.0001,65.99,5.99,express air,stand alone restaurants,canned foods,Quail Eggs,Small Box,kerala,kasaragod,south,India,2010-10-20,2010-10-22,313.812,14,798.89,OMR,25-34
Medium,0.0001,170.98,35.89,delivery truck,personel usage,preserved food,Pickle,Jumbo Box,telangana,mahbubnagar,south,India,2010-10-20,2010-10-21,-102.662,8,1452.18,Anna Nagar,25-34
High,0.08,4.98,0.49,regular air,hotels / hospitals,processed meat,Oysters (Clam),Small Box,telangana,khammam,south,India,2010-10-21,2010-10-22,4949.916,1,4.95,OMR,50+
High,0.09,119.99,14.0,delivery truck,hotels / hospitals,canned foods,Sliced Pineapple,Jumbo Drum,telangana,khammam,south,India,2010-10-21,2010-10-23,1055.6039999999998,4,461.24,OMR,35-50
High,0.04,2.52,1.92,regular air,restaurant chain,processed meat,Pacific Squid,Wrap Bag,andhra pradesh,srikakulam,south,India,2010-10-24,2010-10-24,-8.208,1,3.13,Anna Nagar,18-24
High,0.05,3.14,1.92,express air,restaurant chain,processed meat,Pacific Squid,Wrap Bag,karnataka,mysore,south,India,2010-10-25,2010-10-26,1628.37,18,59.22,T Nagar,25-34
High,0.06,5.38,5.24,express air,personel usage,processed meat,Bacon,Small Box,tamil nadu,ramanathapuram,south,India,2010-10-29,2010-10-31,-64.67094,14,81.82,T Nagar,35-50
High,0.03,7.35,5.96,regular air,personel usage,processed meat,Smoked Salmon,Small Box,tamil nadu,ramanathapuram,south,India,2010-10-29,2010-10-31,-11.113199999999999,1,13.16,Adyar,25-34
High,0.02,15.57,1.39,regular air,personel usage,processed meat,Caviar,Small Box,tamil nadu,pollachi,south,India,2010-10-29,2010-10-30,23.5428,3,46.23,Tambaram,35-50
High,0.02,20.89,11.52,regular air,personel usage,processed meat,Fresh Water Eel,Small Box,tamil nadu,pollachi,south,India,2010-10-29,2010-10-30,-276.1128,13,279.28,T Nagar,25-34
Not Specified,0.04,4.14,6.6,regular air,hotels / hospitals,preserved food,Marmalade,Small Box,kerala,trichur,south,India,2010-11-02,2010-11-04,8.894000000000005,12,54.78,OMR,35-50
High,0.03,17.48,1.99,regular air,hotels / hospitals,canned foods,Assorted Fruits,Small Pack,karnataka,koppal,south,India,2010-11-10,2010-11-11,710.8073999999999,31,537.8,Anna Nagar,35-50
High,0.0001,99.99,19.99,regular air,personel usage,canned foods,Sliced Pineapple,Small Box,tamil nadu,tiruchchirappalli,south,India,2010-11-10,2010-11-11,25.913820000000015,6,647.07,Velachery,18-24
Critical,0.09,58.14,36.61,delivery truck,hotels / hospitals,preserved food,Pickle,Jumbo Box,tamil nadu,tenkasi,south,India,2010-11-20,2010-11-21,187.41200000000026,39,2115.06,Porur,25-34
High,0.1,218.75,69.64,delivery truck,hotels / hospitals,preserved food,Jams,Jumbo Box,tamil nadu,coimbatore,south,India,2010-11-20,2010-11-21,62.297999999999995,17,2805.18,Anna Nagar,25-34
High,0.01,2.16,6.05,regular air,hotels / hospitals,processed meat,Bacon,Small Box,kerala,trivandrum,south,India,2010-11-23,2010-11-25,395.76,24,58.05,Anna Nagar,35-50
High,0.07,21.38,8.99,regular air,hotels / hospitals,processed meat,Foie Gras,Small Pack,kerala,malappuram,south,India,2010-11-23,2010-11-25,-39.396,3,68.64,Velachery,35-50
Critical,0.07,124.49,51.94,delivery truck,hotels / hospitals,preserved food,Jams,Jumbo Box,karnataka,tumkur,south,India,2010-11-24,2010-11-25,74.99200000000008,14,1714.93,T Nagar,35-50
High,0.06,6.68,6.93,regular air,hotels / hospitals,processed meat,Smoked Salmon,Small Box,tamil nadu,sriperumbudur,south,India,2010-12-12,2010-12-13,7.624499999999999,14,91.92,T Nagar,50+
Medium,0.08,124.49,51.94,delivery truck,hotels / hospitals,preserved food,Jams,Jumbo Box,tamil nadu,chidambaram,south,India,2010-12-18,2010-12-19,-250.19,14,1707.84,Anna Nagar,25-34
Low,0.1,39.98,4.0,regular air,stand alone restaurants,canned foods,Assorted Fruits,Small Box,kerala,trivandrum,south,India,2010-12-18,2010-12-22,360.24,21,772.56,T Nagar,25-34
Critical,0.04,15.98,4.0,regular air,hotels / hospitals,canned foods,Assorted Fruits,Small Box,andhra pradesh,bapatla,south,India,2010-12-18,2010-12-19,-19.208000000000002,4,64.59,OMR,50+
High,0.06,22.84,5.47,regular air,hotels / hospitals,processed meat,Smoked Salmon,Small Box,andhra pradesh,bapatla,south,India,2010-12-18,2010-12-20,7.4399999999999995,20,461.94,Velachery,25-34
High,0.01,7.1,6.05,regular air,stand alone restaurants,processed meat,Bacon,Small Box,kerala,kasaragod,south,India,2010-12-24,2010-12-25,-39.18625,18,133.19,Adyar,18-24
High,0.05,18.97,9.03,regular air,stand alone restaurants,processed meat,Smoked Salmon,Small Box,kerala,kasaragod,south,India,2010-12-24,2010-12-25,-1.89,5,97.33,T Nagar,18-24
High,0.05,5.98,5.46,regular air,hotels / hospitals,processed meat,Smoked Salmon,Small Box,tamil nadu,theni,south,India,2010-12-27,2010-12-27,-31.885,17,104.95,Anna Nagar,25-34
Not Specified,0.01,65.99,3.99,regular air,hotels / hospitals,canned foods,Quail Eggs,Small Box,tamil nadu,tirunelveli,south,India,2010-12-27,2010-12-28,-95.21050000000001,3,166.59,OMR,50+
Medium,0.09,204.1,13.99,express air,personel usage,canned foods,Sliced Pineapple,Medium Box,andhra pradesh,guntur,south,India,2011-01-01,2011-01-03,-71.176,2,397.7,OMR,35-50
High,0.1,6.68,6.92,regular air,stand alone restaurants,processed meat,Smoked Salmon,Small Box,karnataka,bellary,south,India,2011-01-10,2011-01-12,-58.28,3,19.77,Nungambakkam,25-34
High,0.01,180.98,55.24,delivery truck,stand alone restaurants,processed meat,Jelly Fish,Jumbo Drum,tamil nadu,salem,south,India,2011-01-11,2011-01-13,45.3948,3,590.2,Tambaram,35-50
Medium,0.08,29.18,8.55,express air,stand alone restaurants,preserved food,Marmalade,Small Box,tamil nadu,salem,south,India,2011-01-11,2011-01-12,224.9193,12,325.97,Tambaram,35-50
High,0.1,172.99,19.99,regular air,stand alone restaurants,processed meat,Bacon,Small Box,tamil nadu,tenkasi,south,India,2011-01-13,2011-01-15,1442.031,13,2089.9,T Nagar,18-24
High,0.09,5.8,5.59,regular air,hotels / hospitals,processed meat,Bacon,Small Box,andhra pradesh,ongole,south,India,2011-01-16,2011-01-17,-332.45799999999997,7,40.67,Porur,50+
High,0.04,10.35,0.99,regular air,hotels / hospitals,processed meat,Oysters (Clam),Small Box,andhra pradesh,ongole,south,India,2011-01-16,2011-01-17,-87.122,3,30.7,Adyar,35-50
Not Specified,0.01,200.98,23.76,delivery truck,restaurant chain,preserved food,Sundried Tomatoes,Jumbo Drum,tamil nadu,tiruppur,south,India,2011-01-18,2011-01-20,-99.15039999999999,1,220.83,Adyar,35-50
Low,0.06,85.99,0.99,regular air,personel usage,canned foods,Quail Eggs,Wrap Bag,kerala,kottayam,south,India,2011-01-23,2011-02-01,-13.2308,3,220.55,Adyar,35-50
Low,0.04,58.14,36.61,delivery truck,personel usage,preserved food,Pickle,Jumbo Box,telangana,karimnagar,south,India,2011-01-26,2011-02-02,-25.942,2,121.9,T Nagar,18-24
High,0.01,67.28,19.99,regular air,personel usage,processed meat,Bacon,Small Box,tamil nadu,vellore,south,India,2011-01-29,2011-01-31,96.678,12,804.18,T Nagar,18-24
Not Specified,0.03,19.04,6.38,regular air,hotels / hospitals,preserved food,Marmalade,Small Box,andhra pradesh,ongole,south,India,2011-02-04,2011-02-05,-1084.8469632000001,6,118.99,Adyar,25-34
High,0.06,59.76,9.71,regular air,hotels / hospitals,processed meat,Fresh Water Eel,Small Box,andhra pradesh,ongole,south,India,2011-02-04,2011-02-05,51.408,7,411.38,Anna Nagar,35-50
Low,0.03,180.98,30.0,delivery truck,stand alone restaurants,preserved food,Sundried Tomatoes,Jumbo Drum,karnataka,kolar,south,India,2011-02-06,2011-02-06,605.44,7,1334.94,Porur,35-50
High,0.0001,9.11,2.15,regular air,stand alone restaurants,processed meat,Smoked Salmon,Wrap Bag,tamil nadu,pollachi,south,India,2011-02-11,2011-02-18,13.5723,2,19.67,Velachery,35-50
High,0.01,9.99,4.78,regular air,restaurant chain,processed meat,Smoked Salmon,Small Box,karnataka,mysore,south,India,2011-02-23,2011-02-25,-1641.85,10,106.99,T Nagar,18-24
High,0.02,12.88,4.59,express air,restaurant chain,processed meat,Pacific Squid,Wrap Bag,karnataka,mysore,south,India,2011-02-23,2011-03-02,-136.556,8,104.25,OMR,25-34
High,0.03,4.89,6.07,regular air,stand alone restaurants,processed meat,Bacon,Small Box,andhra pradesh,nellore,south,India,2011-02-24,2011-02-26,-132.2615,9,45.49,Anna Nagar,25-34
High,0.08,7.1,6.05,regular air,hotels / hospitals,processed meat,Bacon,Small Box,andhra pradesh,anantapur,south,India,2011-02-27,2011-02-27,415.8378000000001,5,36.54,Adyar,25-34
High,0.07,4.98,7.44,regular air,restaurant chain,processed meat,Smoked Salmon,Small Box,telangana,mahbubnagar,south,India,2011-03-09,2011-03-09,64.188,10,48.73,OMR,18-24
High,0.07,10.23,4.68,regular air,restaurant chain,processed meat,Pacific Squid,Small Pack,telangana,mahbubnagar,south,India,2011-03-09,2011-03-10,128.172,6,60.07,Porur,18-24
Medium,0.08,20.99,0.99,regular air,restaurant chain,canned foods,Quail Eggs,Wrap Bag,telangana,mahbubnagar,south,India,2011-03-09,2011-03-11,189.19799999999998,12,210.76,Tambaram,35-50
Medium,0.1,135.99,28.63,delivery truck,hotels / hospitals,preserved food,Sundried Tomatoes,Jumbo Drum,tamil nadu,dindigul,south,India,2011-03-13,2011-03-15,-357.65,4,506.51,OMR,35-50
High,0.09,6.48,5.94,regular air,hotels / hospitals,processed meat,Smoked Salmon,Small Box,andhra pradesh,amalapuram,south,India,2011-03-17,2011-03-19,-257.824,2,13.73,OMR,35-50
Critical,0.1,20.95,5.99,regular air,personel usage,canned foods,Assorted Fruits,Small Box,karnataka,bellary,south,India,2011-03-22,2011-03-24,-71.55,9,184.77,Nungambakkam,25-34
High,0.1,3.48,49.0,regular air,personel usage,processed meat,Jelly Fish,Large Box,tamil nadu,madurai,south,India,2011-03-26,2011-03-31,-1115.4682,1,12.99,Velachery,25-34
High,0.0001,2.08,1.49,regular air,hotels / hospitals,processed meat,Bacon,Small Box,tamil nadu,coimbatore,south,India,2011-03-30,2011-04-03,-203.14,10,22.01,Anna Nagar,50+
Low,0.1,25.98,14.36,delivery truck,hotels / hospitals,preserved food,Sundried Tomatoes,Jumbo Drum,tamil nadu,coimbatore,south,India,2011-03-30,2011-04-01,85.82399999999998,8,200.0,Anna Nagar,50+
High,0.06,6.48,6.35,regular air,restaurant chain,processed meat,Smoked Salmon,Small Box,karnataka,bellary,south,India,2011-04-07,2011-04-08,-27.78,2,14.2,Anna Nagar,18-24
High,0.04,1.68,1.57,express air,restaurant chain,processed meat,Foie Gras,Wrap Bag,karnataka,bellary,south,India,2011-04-10,2011-04-12,-37.76,11,19.37,T Nagar,25-34
Medium,0.05,212.6,52.2,delivery truck,stand alone restaurants,preserved food,Jams,Jumbo Box,andhra pradesh,nellore,south,India,2011-04-10,2011-04-12,-248.78,2,426.93,Anna Nagar,18-24
High,0.01,7.31,0.49,regular air,restaurant chain,processed meat,Oysters (Clam),Small Box,andhra pradesh,tirupati,south,India,2011-04-11,2011-04-15,53.93039999999999,10,78.16,Anna Nagar,18-24
High,0.06,10.06,2.06,regular air,restaurant chain,processed meat,Smoked Salmon,Wrap Bag,andhra pradesh,tirupati,south,India,2011-04-11,2011-04-15,79.45349999999999,12,115.15,OMR,18-24
High,0.08,6.45,1.34,regular air,hotels / hospitals,processed meat,Smoked Salmon,Wrap Bag,andhra pradesh,narasaraopet,south,India,2011-04-15,2011-04-15,-223.62900000000002,10,61.46,OMR,35-50
Medium,0.08,32.98,5.5,regular air,hotels / hospitals,canned foods,Assorted Fruits,Small Box,telangana,karimnagar,south,India,2011-04-19,2011-04-20,581.6519999999999,1,31.72,Adyar,35-50
Medium,0.02,125.99,8.08,regular air,stand alone restaurants,canned foods,Quail Eggs,Small Box,tamil nadu,tenkasi,south,India,2011-04-20,2011-04-21,194.21099999999998,4,440.79,T Nagar,18-24
Medium,0.01,500.98,26.0,delivery truck,stand alone restaurants,preserved food,Sundried Tomatoes,Jumbo Drum,telangana,nizamabad,south,India,2011-04-20,2011-04-21,4435.1613,12,6427.77,OMR,18-24
High,0.09,29.14,4.86,regular air,stand alone restaurants,processed meat,Smoked Salmon,Wrap Bag,telangana,nizamabad,south,India,2011-04-20,2011-04-22,158.9277,8,230.33,Anna Nagar,35-50
High,0.1,1.82,1.0,regular air,hotels / hospitals,processed meat,Foie Gras,Wrap Bag,andhra pradesh,narasaraopet,south,India,2011-04-25,2011-04-26,21.221999999999998,10,17.61,OMR,25-34
High,0.09,4.28,6.72,regular air,restaurant chain,processed meat,Smoked Salmon,Small Box,tamil nadu,arani,south,India,2011-04-26,2011-04-28,0.702,3,13.72,Adyar,18-24
High,0.07,67.28,19.99,regular air,restaurant chain,processed meat,Bacon,Small Box,tamil nadu,tiruvallur,south,India,2011-04-28,2011-05-05,497.51759999999996,11,721.04,Anna Nagar,25-34
High,0.05,4.63,1.93,regular air,personel usage,processed meat,Foie Gras,Wrap Bag,karnataka,raichur,south,India,2011-05-17,2011-05-19,-4.96,14,62.27,T Nagar,35-50
Low,0.01,65.99,8.8,regular air,personel usage,canned foods,Quail Eggs,Small Box,karnataka,raichur,south,India,2011-05-17,2011-05-26,668.961,17,1003.31,T Nagar,18-24
High,0.01,3.57,4.17,regular air,stand alone restaurants,processed meat,Foie Gras,Small Pack,karnataka,kolar,south,India,2011-05-19,2011-05-20,-119.35,17,65.23,Tambaram,25-34
High,0.07,37.76,12.9,regular air,stand alone restaurants,processed meat,Fresh Water Eel,Small Box,karnataka,kolar,south,India,2011-05-19,2011-05-20,25.51,15,552.43,Porur,35-50
High,0.02,124.49,51.94,delivery truck,stand alone restaurants,preserved food,Jams,Jumbo Box,karnataka,kolar,south,India,2011-05-19,2011-05-21,-365.44,13,1284.24,OMR,18-24
High,0.05,4.91,0.5,regular air,hotels / hospitals,processed meat,Oysters (Clam),Small Box,telangana,adilabad,south,India,2011-05-20,2011-05-21,-31.472,11,54.39,T Nagar,35-50
High,0.02,2.47,1.02,regular air,restaurant chain,processed meat,Tuna,Wrap Bag,tamil nadu,tiruvallur,south,India,2011-05-21,2011-05-22,24.27,16,42.21,Velachery,25-34
Critical,0.1,125.99,8.8,express air,stand alone restaurants,canned foods,Quail Eggs,Small Box,kerala,kasaragod,south,India,2011-05-23,2011-05-24,-360.305,3,308.38,OMR,25-34
High,0.06,8.5,1.99,regular air,personel usage,canned foods,Assorted Fruits,Small Pack,tamil nadu,karur,south,India,2011-05-23,2011-05-23,-71.344,11,92.11,Tambaram,25-34
High,0.04,2.18,0.78,regular air,personel usage,processed meat,Tuna,Wrap Bag,tamil nadu,karur,south,India,2011-05-23,2011-05-23,-421.1969762,6,13.1,T Nagar,25-34
High,0.02,12.28,6.13,regular air,personel usage,processed meat,Fresh Water Eel,Small Box,tamil nadu,karur,south,India,2011-05-23,2011-05-23,-583.38,12,156.75,T Nagar,18-24
Not Specified,0.09,280.98,57.0,delivery truck,hotels / hospitals,preserved food,Sundried Tomatoes,Jumbo Drum,telangana,warangal,south,India,2011-05-25,2011-05-27,546.996,2,554.64,OMR,50+
Medium,0.02,40.99,8.97,regular air,stand alone restaurants,canned foods,Sliced Pineapple,Small Box,tamil nadu,thanjavur,south,India,2011-05-28,2011-05-28,395.85,17,727.04,Velachery,18-24
Low,0.01,95.99,4.9,regular air,hotels / hospitals,canned foods,Quail Eggs,Small Box,kerala,trivandrum,south,India,2011-05-29,2011-06-03,132.954,16,1369.95,Anna Nagar,25-34
High,0.03,105.98,13.99,regular air,stand alone restaurants,preserved food,Marmalade,Medium Box,karnataka,kolar,south,India,2011-05-29,2011-05-31,534.6603,7,774.87,T Nagar,18-24
High,0.1,205.99,8.99,regular air,hotels / hospitals,canned foods,Quail Eggs,Small Box,tamil nadu,dindigul,south,India,2011-06-16,2011-06-18,-207.988,5,787.91,Adyar,35-50
High,0.06,1.26,0.7,regular air,hotels / hospitals,processed meat,Tuna,Wrap Bag,karnataka,tumkur,south,India,2011-07-03,2011-07-04,-2.73,1,1.62,Porur,35-50
High,0.04,80.98,35.0,regular air,hotels / hospitals,processed meat,Fresh Water Eel,Large Box,karnataka,tumkur,south,India,2011-07-03,2011-07-04,-921.68,11,874.4,Nungambakkam,25-34
Critical,0.07,65.99,5.26,regular air,hotels / hospitals,canned foods,Quail Eggs,Small Box,karnataka,tumkur,south,India,2011-07-03,2011-07-03,-204.93,2,106.65,Adyar,35-50
High,0.1,7.1,6.05,express air,hotels / hospitals,processed meat,Bacon,Small Box,tamil nadu,perambalur,south,India,2011-07-24,2011-07-24,-54.671,6,43.39,Adyar,25-34
Medium,0.07,284.98,69.55,delivery truck,hotels / hospitals,preserved food,Sundried Tomatoes,Jumbo Drum,tamil nadu,perambalur,south,India,2011-07-24,2011-07-25,-113.08,4,1102.73,T Nagar,35-50
Medium,0.03,107.53,5.81,express air,hotels / hospitals,preserved food,Marmalade,Medium Box,tamil nadu,perambalur,south,India,2011-07-24,2011-07-25,1062.8898,14,1540.42,Adyar,25-34
High,0.02,9.27,4.39,regular air,hotels / hospitals,processed meat,Smoked Salmon,Wrap Bag,tamil nadu,theni,south,India,2011-07-26,2011-07-27,12.97,5,50.07,Velachery,35-50
High,0.03,2.2,1.2,regular air,hotels / hospitals,processed meat,Foie Gras,Wrap Bag,karnataka,bidar,south,India,2011-07-29,2011-07-31,4.48,14,32.02,Adyar,35-50
High,0.01,4.54,5.83,regular air,hotels / hospitals,processed meat,Bacon,Small Box,andhra pradesh,vijayawada,south,India,2011-08-03,2011-08-04,-39.83278,10,48.5,Velachery,50+
Not Specified,0.0001,35.99,1.25,regular air,hotels / hospitals,canned foods,Quail Eggs,Small Pack,tamil nadu,coimbatore,south,India,2011-08-04,2011-08-06,-139.93,20,624.07,Anna Nagar,25-34
High,0.07,5.98,10.39,regular air,stand alone restaurants,processed meat,Smoked Salmon,Small Box,kerala,trivandrum,south,India,2011-08-06,2011-08-10,-258.44,1,11.04,Anna Nagar,18-24
Not Specified,0.05,85.99,2.79,regular air,personel usage,canned foods,Quail Eggs,Small Box,karnataka,raichur,south,India,2011-08-09,2011-08-09,690.8831999999999,14,1001.28,T Nagar,18-24
Not Specified,0.07,122.99,70.2,delivery truck,stand alone restaurants,preserved food,Sundried Tomatoes,Jumbo Drum,telangana,warangal,south,India,2011-08-20,2011-08-22,-160.412,5,626.69,Anna Nagar,35-50
Medium,0.06,55.99,1.25,express air,hotels / hospitals,canned foods,Quail Eggs,Small Pack,karnataka,mysore,south,India,2011-08-21,2011-08-23,-15.372,20,952.26,T Nagar,50+
High,0.08,21.66,13.99,regular air,hotels / hospitals,processed meat,Jelly Fish,Medium Box,kerala,malappuram,south,India,2011-08-26,2011-08-28,1248.888,13,267.92,T Nagar,25-34
High,0.01,35.99,3.3,regular air,hotels / hospitals,canned foods,Quail Eggs,Small Pack,kerala,malappuram,south,India,2011-08-26,2011-08-28,-46.76,20,623.88,Nungambakkam,35-50
High,0.06,155.99,8.99,regular air,hotels / hospitals,canned foods,Quail Eggs,Small Box,kerala,malappuram,south,India,2011-08-26,2011-08-27,70.99199999999999,5,623.18,Velachery,50+
High,0.05,3.14,1.92,regular air,stand alone restaurants,processed meat,Pacific Squid,Wrap Bag,kerala,trivandrum,south,India,2011-09-01,2011-09-01,-26.124000000000002,19,59.24,Adyar,25-34
High,0.05,8.74,8.29,regular air,stand alone restaurants,processed meat,Caviar,Small Box,andhra pradesh,machilipatnam,south,India,2011-09-03,2011-09-05,-32.35,3,28.46,Porur,25-34
Critical,0.02,40.97,1.99,regular air,hotels / hospitals,canned foods,Assorted Fruits,Small Pack,tamil nadu,sivaganga,south,India,2011-09-10,2011-09-11,378.16139999999996,13,548.06,Nungambakkam,25-34
High,0.03,55.48,6.79,express air,personel usage,processed meat,Smoked Salmon,Small Box,telangana,mahbubnagar,south,India,2011-09-10,2011-09-12,-47.838,15,821.92,Adyar,18-24
Low,0.0001,499.99,24.49,express air,restaurant chain,canned foods,Wild Berry,Large Box,andhra pradesh,nellore,south,India,2011-09-15,2011-09-22,-1312.84,21,10933.47,Tambaram,35-50
High,0.1,6.68,6.92,regular air,personel usage,processed meat,Smoked Salmon,Small Box,tamil nadu,sivaganga,south,India,2011-09-17,2011-09-24,-74.03,9,57.22,Anna Nagar,35-50
Medium,0.09,34.99,5.5,regular air,restaurant chain,canned foods,Assorted Fruits,Small Box,andhra pradesh,srikakulam,south,India,2011-09-19,2011-09-20,169.15,13,432.95,Anna Nagar,25-34
High,0.1,8.67,3.5,express air,hotels / hospitals,processed meat,Jelly Fish,Small Box,kerala,pathanamthitta,south,India,2011-09-20,2011-09-21,-11.88,17,147.5,Velachery,35-50
High,0.1,35.89,14.72,express air,hotels / hospitals,processed meat,Caviar,Small Box,tamil nadu,tenkasi,south,India,2011-09-24,2011-09-25,91.56,21,685.17,OMR,35-50
High,0.03,2.08,1.49,regular air,hotels / hospitals,processed meat,Bacon,Small Box,tamil nadu,theni,south,India,2011-09-24,2011-09-26,-9.361,20,43.84,OMR,35-50
Critical,0.0001,39.48,1.99,regular air,stand alone restaurants,canned foods,Assorted Fruits,Small Pack,telangana,nizamabad,south,India,2011-09-28,2011-09-30,62.93,7,284.65,Anna Nagar,35-50
High,0.08,10.31,1.79,regular air,stand alone restaurants,processed meat,Smoked Salmon,Wrap Bag,andhra pradesh,rajampet,south,India,2011-10-03,2011-10-04,3.542,2,21.2,T Nagar,35-50
High,0.05,4.48,49.0,regular air,hotels / hospitals,processed meat,Jelly Fish,Large Box,andhra pradesh,anantapur,south,India,2011-10-12,2011-10-14,472.9752,4,40.16,OMR,50+
Critical,0.04,20.95,5.99,regular air,hotels / hospitals,canned foods,Assorted Fruits,Small Box,andhra pradesh,anantapur,south,India,2011-10-12,2011-10-13,253.13579999999996,18,372.02,T Nagar,35-50
High,0.1,4.13,0.5,regular air,restaurant chain,processed meat,Oysters (Clam),Small Box,karnataka,gulbarga,south,India,2011-10-12,2011-10-14,805.758,1,3.92,Adyar,18-24
High,0.08,4.73,1.52,regular air,restaurant chain,processed meat,Smoked Salmon,Wrap Bag,karnataka,gulbarga,south,India,2011-10-12,2011-10-13,20.076,10,45.51,OMR,18-24
High,0.07,419.19,19.99,regular air,restaurant chain,processed meat,Fresh Water Eel,Small Box,karnataka,gulbarga,south,India,2011-10-12,2011-10-13,698.43,1,397.64,OMR,35-50
High,0.06,7.4,1.71,regular air,hotels / hospitals,processed meat,Smoked Salmon,Wrap Bag,telangana,nizamabad,south,India,2011-10-24,2011-10-26,31.5652,9,65.29,Tambaram,35-50
Not Specified,0.04,120.98,56.7,delivery truck,restaurant chain,preserved food,Pickle,Jumbo Box,tamil nadu,tiruvallur,south,India,2011-10-29,2011-10-31,-826.74,14,1701.21,Porur,18-24
High,0.1,5.98,5.46,regular air,hotels / hospitals,processed meat,Smoked Salmon,Small Box,kerala,trivandrum,south,India,2011-10-29,2011-10-30,80.838,20,113.3,Velachery,25-34
High,0.03,5.85,2.27,regular air,stand alone restaurants,processed meat,Foie Gras,Wrap Bag,telangana,nizamabad,south,India,2011-11-01,2011-11-02,27.94,32,198.02,OMR,25-34
High,0.01,5.84,1.2,regular air,restaurant chain,processed meat,Foie Gras,Wrap Bag,tamil nadu,tiruvannamalai,south,India,2011-11-04,2011-11-06,95.76600000000002,30,179.68,Adyar,18-24
High,0.05,14.34,5.0,regular air,hotels / hospitals,preserved food,Marmalade,Small Pack,kerala,kottayam,south,India,2011-11-11,2011-11-12,284.52600000000007,36,519.23,T Nagar,25-34
High,0.0001,30.98,8.74,regular air,hotels / hospitals,processed meat,Smoked Salmon,Small Box,kerala,kottayam,south,India,2011-11-11,2011-11-12,859.2638999999999,37,1245.31,T Nagar,35-50
High,0.01,294.62,42.52,delivery truck,hotels / hospitals,processed meat,Jelly Fish,Jumbo Drum,telangana,mahbubnagar,south,India,2011-11-14,2011-11-15,75.67559999999999,10,3127.18,Anna Nagar,35-50
High,0.1,60.97,4.5,express air,hotels / hospitals,processed meat,Jelly Fish,Small Box,telangana,mahbubnagar,south,India,2011-11-14,2011-11-15,169.392,8,487.43,Velachery,35-50
Medium,0.05,500.98,28.14,delivery truck,restaurant chain,canned foods,Sliced Pineapple,Jumbo Drum,karnataka,tumkur,south,India,2011-11-26,2011-11-27,8917.7187,29,12924.23,Adyar,18-24
Critical,0.05,22.23,5.08,regular air,stand alone restaurants,preserved food,Marmalade,Small Pack,andhra pradesh,eluru,south,India,2011-12-01,2011-12-03,3.945,2,47.22,Tambaram,25-34
High,0.07,22.38,15.1,regular air,hotels / hospitals,processed meat,Bacon,Small Box,telangana,khammam,south,India,2011-12-06,2011-12-07,-24.612,18,392.85,T Nagar,25-34
High,0.05,1.88,1.49,regular air,personel usage,processed meat,Bacon,Small Box,andhra pradesh,amalapuram,south,India,2011-12-12,2011-12-13,117.02399999999999,15,29.07,T Nagar,18-24
High,0.07,8.14,3.12,regular air,personel usage,processed meat,Foie Gras,Wrap Bag,andhra pradesh,amalapuram,south,India,2011-12-12,2011-12-13,5.196,11,84.76,Nungambakkam,25-34
High,0.08,18.97,9.03,regular air,hotels / hospitals,processed meat,Smoked Salmon,Small Box,karnataka,haveri,south,India,2011-12-17,2011-12-19,61.905,23,405.56,T Nagar,35-50
High,0.06,15.99,13.18,express air,restaurant chain,processed meat,Bacon,Small Box,karnataka,bijapur,south,India,2011-12-26,2011-12-26,-190.42800000000003,16,252.35,Velachery,35-50
High,0.01,4.98,0.8,regular air,restaurant chain,processed meat,Smoked Salmon,Wrap Bag,karnataka,bijapur,south,India,2011-12-26,2011-12-27,4305.672,1,5.73,Adyar,25-34
High,0.02,2.21,1.0,regular air,restaurant chain,processed meat,Foie Gras,Wrap Bag,tamil nadu,tiruppur,south,India,2011-12-30,2012-03-31,5.82,10,22.35,Adyar,25-34
High,0.05,11.34,5.01,regular air,stand alone restaurants,processed meat,Smoked Salmon,Small Box,tamil nadu,krishnagiri,south,India,2011-12-31,2012-01-01,60.045,12,138.05,T Nagar,18-24
Low,0.1,4.89,4.93,regular air,personel usage,canned foods,Assorted Fruits,Small Pack,andhra pradesh,vijayawada,south,India,2012-01-08,2012-01-12,-172.79399999999998,10,46.34,T Nagar,25-34
Critical,0.01,130.98,54.74,delivery truck,stand alone restaurants,preserved food,Pickle,Jumbo Box,tamil nadu,arakkonam,south,India,2012-01-11,2012-01-13,-1021.9459999999999,13,1734.25,T Nagar,18-24
Critical,0.02,30.97,4.0,regular air,stand alone restaurants,canned foods,Assorted Fruits,Small Box,tamil nadu,arakkonam,south,India,2012-01-11,2012-01-11,-19.902,6,197.72,Adyar,18-24
High,0.05,11.34,11.25,regular air,personel usage,processed meat,Smoked Salmon,Small Box,telangana,nizamabad,south,India,2012-01-28,2012-02-01,-101.1964,5,59.33,Adyar,35-50
Medium,0.06,95.99,4.9,regular air,restaurant chain,canned foods,Quail Eggs,Small Box,kerala,trivandrum,south,India,2012-02-01,2012-02-02,34.8,12,993.98,Anna Nagar,25-34
Not Specified,0.1,300.98,64.73,delivery truck,hotels / hospitals,preserved food,Sundried Tomatoes,Jumbo Drum,karnataka,mysore,south,India,2012-02-04,2012-02-05,-63.406,3,834.22,OMR,50+
High,0.0001,4.98,5.02,regular air,hotels / hospitals,processed meat,Smoked Salmon,Small Box,tamil nadu,sriperumbudur,south,India,2012-02-06,2012-02-06,4.302,1,7.0,Tambaram,35-50
High,0.05,3499.99,24.49,regular air,hotels / hospitals,canned foods,Wild Berry,Large Box,telangana,adilabad,south,India,2012-02-06,2012-02-08,-104.21530000000001,1,3457.99,T Nagar,50+
High,0.05,5.28,5.06,express air,restaurant chain,processed meat,Smoked Salmon,Small Box,tamil nadu,perambalur,south,India,2012-02-08,2012-02-10,-75.25,12,65.68,Velachery,25-34
Critical,0.09,29.1,4.0,express air,stand alone restaurants,canned foods,Assorted Fruits,Small Box,andhra pradesh,eluru,south,India,2012-02-09,2012-02-10,-6.34,14,404.59,OMR,25-34
Critical,0.01,110.99,8.99,regular air,stand alone restaurants,canned foods,Quail Eggs,Small Box,andhra pradesh,eluru,south,India,2012-02-09,2012-02-12,-186.67,3,282.49,Anna Nagar,25-34
Not Specified,0.06,286.85,61.76,delivery truck,hotels / hospitals,preserved food,Jams,Jumbo Box,andhra pradesh,narasaraopet,south,India,2012-02-13,2012-02-14,335.4642,5,1431.86,Anna Nagar,25-34
High,0.08,100.98,57.38,delivery truck,hotels / hospitals,preserved food,Pickle,Jumbo Box,tamil nadu,tenkasi,south,India,2012-02-20,2012-02-21,-1341.11,9,894.58,Adyar,35-50
High,0.04,40.98,7.2,regular air,hotels / hospitals,processed meat,Jelly Fish,Small Box,tamil nadu,thanjavur,south,India,2012-02-20,2012-02-21,275.5,12,483.59,Porur,25-34
High,0.01,12.97,1.49,regular air,personel usage,processed meat,Bacon,Small Box,tamil nadu,arani,south,India,2012-02-23,2012-02-25,65.496,8,104.78,Tambaram,18-24
High,0.05,3.34,7.49,regular air,hotels / hospitals,processed meat,Foie Gras,Wrap Bag,andhra pradesh,amalapuram,south,India,2012-02-24,2012-02-27,-21.168,11,39.51,Adyar,35-50
Not Specified,0.07,205.99,2.5,regular air,hotels / hospitals,canned foods,Quail Eggs,Small Box,kerala,kozhikode,south,India,2012-03-02,2012-03-04,1489.8410999999999,13,2159.19,OMR,25-34
High,0.0001,12.28,4.86,express air,personel usage,processed meat,Smoked Salmon,Small Box,tamil nadu,sivaganga,south,India,2012-03-10,2012-03-11,115.21619999999999,13,166.98,Velachery,35-50
High,0.1,48.91,35.0,regular air,stand alone restaurants,processed meat,Fresh Water Eel,Large Box,tamil nadu,kanniyakumari,south,India,2012-03-11,2012-03-13,-140.21,8,368.85,OMR,35-50
High,0.1,387.99,19.99,regular air,personel usage,processed meat,Bacon,Small Box,kerala,alleppey,south,India,2012-03-12,2012-03-14,179.59799999999998,6,2262.76,Velachery,35-50
High,0.08,7.4,1.71,regular air,personel usage,processed meat,Smoked Salmon,Wrap Bag,andhra pradesh,amalapuram,south,India,2012-03-15,2012-03-16,8.9046,5,36.22,T Nagar,25-34
High,0.01,6.81,5.48,regular air,hotels / hospitals,processed meat,Bacon,Small Box,andhra pradesh,vishakhapatnam,south,India,2012-03-23,2012-03-26,-183.34400000000002,10,68.9,OMR,25-34
High,0.02,40.98,1.99,regular air,personel usage,canned foods,Assorted Fruits,Small Pack,tamil nadu,dharmapuri,south,India,2012-04-01,2012-04-01,-49.28,11,472.69,Adyar,35-50
High,0.01,150.98,13.99,regular air,restaurant chain,canned foods,Sliced Pineapple,Medium Box,karnataka,bidar,south,India,2012-04-05,2012-04-06,1157.1644999999999,11,1677.05,Velachery,25-34
High,0.06,415.88,11.37,regular air,restaurant chain,processed meat,Fresh Water Eel,Small Box,karnataka,bidar,south,India,2012-04-05,2012-04-07,857.7735,3,1243.15,Porur,35-50
High,0.05,195.99,4.2,regular air,restaurant chain,canned foods,Quail Eggs,Small Box,karnataka,raichur,south,India,2012-04-05,2012-04-07,810.2669999999999,7,1174.3,T Nagar,35-50
High,0.09,1.98,4.77,regular air,stand alone restaurants,processed meat,Bacon,Small Box,andhra pradesh,eluru,south,India,2012-04-09,2012-04-09,-115.71300000000001,8,16.74,Anna Nagar,35-50
Not Specified,0.05,35.99,1.1,regular air,stand alone restaurants,canned foods,Quail Eggs,Small Box,andhra pradesh,eluru,south,India,2012-04-09,2012-04-10,210.55349999999996,10,305.15,T Nagar,18-24
High,0.01,5.81,3.37,regular air,stand alone restaurants,processed meat,Tuna,Wrap Bag,karnataka,chitradurga,south,India,2012-04-09,2012-04-12,-269.48879999999997,7,41.65,Tambaram,25-34
High,0.02,40.98,7.2,express air,hotels / hospitals,processed meat,Jelly Fish,Small Box,tamil nadu,dindigul,south,India,2012-04-10,2012-04-12,67.98,4,173.29,OMR,50+
High,0.05,2.88,1.49,regular air,hotels / hospitals,processed meat,Bacon,Small Box,tamil nadu,dindigul,south,India,2012-04-10,2012-04-11,1.071,4,11.86,Anna Nagar,35-50
High,0.09,15.67,1.39,regular air,stand alone restaurants,processed meat,Caviar,Small Box,karnataka,chitradurga,south,India,2012-04-15,2012-04-16,-1.3201999999999998,13,187.23,OMR,18-24
High,0.0001,2.88,0.7,regular air,stand alone restaurants,processed meat,Foie Gras,Wrap Bag,karnataka,chitradurga,south,India,2012-04-15,2012-04-17,-56.35,6,17.48,Velachery,25-34
High,0.04,2.6,2.4,regular air,hotels / hospitals,processed meat,Foie Gras,Wrap Bag,andhra pradesh,ongole,south,India,2012-04-17,2012-04-19,-256.56399999999996,2,5.59,Tambaram,50+
High,0.1,9.78,1.39,regular air,hotels / hospitals,processed meat,Caviar,Small Box,andhra pradesh,vizianagaram,south,India,2012-04-23,2012-04-24,-62.804,7,65.1,Velachery,35-50
High,0.03,6.78,6.18,regular air,personel usage,processed meat,Smoked Salmon,Small Box,kerala,kannur,south,India,2012-04-23,2012-04-25,39.816,13,94.12,Velachery,25-34
Not Specified,0.01,500.98,26.0,delivery truck,personel usage,preserved food,Sundried Tomatoes,Jumbo Drum,andhra pradesh,kakinada,south,India,2012-04-29,2012-04-30,1384.452,3,1502.79,Nungambakkam,18-24
High,0.1,8.45,7.77,regular air,personel usage,processed meat,Pacific Squid,Small Pack,andhra pradesh,kakinada,south,India,2012-04-29,2012-04-30,-8.456,6,50.59,Anna Nagar,25-34
Not Specified,0.02,90.98,30.0,delivery truck,hotels / hospitals,preserved food,Sundried Tomatoes,Jumbo Drum,tamil nadu,sriperumbudur,south,India,2012-05-01,2012-05-03,23.537999999999997,11,1050.99,T Nagar,50+
High,0.02,525.98,19.99,regular air,personel usage,processed meat,Bacon,Small Box,tamil nadu,karur,south,India,2012-05-03,2012-05-05,697.656,2,1103.09,Adyar,18-24
High,0.1,16.51,2.99,regular air,personel usage,processed meat,Bacon,Small Box,tamil nadu,karur,south,India,2012-05-03,2012-05-05,6.6147,16,248.45,Nungambakkam,25-34
Critical,0.09,5.98,3.85,regular air,personel usage,canned foods,Assorted Fruits,Small Pack,tamil nadu,karur,south,India,2012-05-03,2012-05-05,-391.90200000000004,12,68.1,Velachery,35-50
High,0.02,59.78,10.29,regular air,hotels / hospitals,processed meat,Bacon,Small Box,telangana,warangal,south,India,2012-05-09,2012-05-10,-10.014199999999999,9,547.29,T Nagar,35-50
High,0.05,4.49,1.49,regular air,hotels / hospitals,processed meat,Bacon,Small Box,andhra pradesh,ongole,south,India,2012-05-26,2012-05-27,-180.44599999999997,6,27.21,Anna Nagar,35-50
High,0.06,17.99,8.65,regular air,restaurant chain,processed meat,Foie Gras,Small Box,karnataka,hassan,south,India,2012-05-27,2012-05-28,-106.8,19,331.15,Adyar,25-34
High,0.04,2.78,0.97,regular air,restaurant chain,processed meat,Foie Gras,Wrap Bag,karnataka,hassan,south,India,2012-05-27,2012-05-29,-2.23,8,22.15,T Nagar,25-34
Critical,0.06,20.99,4.81,regular air,restaurant chain,canned foods,Quail Eggs,Medium Box,karnataka,hassan,south,India,2012-05-27,2012-05-29,100.59299999999999,19,345.73,OMR,18-24
Critical,0.03,130.98,30.0,delivery truck,hotels / hospitals,preserved food,Sundried Tomatoes,Jumbo Drum,tamil nadu,tenkasi,south,India,2012-06-17,2012-06-17,-227.248,17,2237.4,Nungambakkam,50+
High,0.1,3.69,0.5,express air,restaurant chain,processed meat,Oysters (Clam),Small Box,karnataka,gulbarga,south,India,2012-06-21,2012-06-22,-22.778,20,73.33,Velachery,35-50
High,0.02,6.68,5.2,regular air,restaurant chain,processed meat,Smoked Salmon,Small Box,karnataka,gulbarga,south,India,2012-06-21,2012-06-23,-237.6374,14,93.86,Velachery,35-50
High,0.01,16.74,5.08,regular air,personel usage,processed meat,Bacon,Small Box,andhra pradesh,kakinada,south,India,2012-06-22,2012-06-23,-244.63600000000002,13,221.82,Velachery,35-50
High,0.0001,193.17,19.99,regular air,personel usage,processed meat,Fresh Water Eel,Small Box,andhra pradesh,kadapa,south,India,2012-06-22,2012-06-22,1975.7160000000001,19,3825.29,T Nagar,25-34
Medium,0.06,12.64,4.98,regular air,personel usage,preserved food,Marmalade,Small Pack,andhra pradesh,machilipatnam,south,India,2012-06-22,2012-06-23,-14.712,1,14.49,Porur,25-34
High,0.03,15.94,5.45,regular air,hotels / hospitals,processed meat,Foie Gras,Small Pack,tamil nadu,namakkal,south,India,2012-06-23,2012-06-25,4.128,10,156.89,Velachery,50+
High,0.08,59.98,3.99,regular air,hotels / hospitals,processed meat,Jelly Fish,Small Box,kerala,palghat,south,India,2012-06-27,2012-06-29,420.984,11,619.14,Velachery,35-50
High,0.01,180.98,30.0,delivery truck,restaurant chain,preserved food,Sundried Tomatoes,Jumbo Drum,tamil nadu,tiruppur,south,India,2012-07-01,2012-07-02,-45.02,4,734.76,OMR,25-34
High,0.0001,48.04,5.79,regular air,restaurant chain,processed meat,Smoked Salmon,Small Box,tamil nadu,tiruppur,south,India,2012-07-01,2012-07-03,352.6935,10,511.15,Velachery,35-50
High,0.09,400.98,42.52,delivery truck,restaurant chain,preserved food,Jams,Jumbo Box,tamil nadu,tiruppur,south,India,2012-07-01,2012-07-03,541.01,7,2096.17,OMR,35-50
High,0.07,6.48,8.74,regular air,personel usage,processed meat,Smoked Salmon,Small Box,tamil nadu,tenkasi,south,India,2012-07-02,2012-07-03,-105.15,7,45.24,T Nagar,18-24
Critical,0.01,2036.48,14.7,delivery truck,personel usage,canned foods,Sliced Pineapple,Jumbo Drum,tamil nadu,thanjavur,south,India,2012-07-02,2012-07-04,-3669.051,1,2116.92,Tambaram,25-34
High,0.02,2.88,0.5,regular air,restaurant chain,preserved food,Jams,Jumbo Box,andhra pradesh,nellore,south,India,2012-07-05,2012-07-07,2.45,2,5.81,Nungambakkam,18-24
Not Specified,0.05,808.49,55.3,delivery truck,hotels / hospitals,canned foods,Sliced Pineapple,Jumbo Drum,karnataka,mandya,south,India,2012-07-06,2012-07-08,56.016,13,9984.85,OMR,35-50
High,0.1,35.44,19.99,regular air,hotels / hospitals,processed meat,Smoked Salmon,Small Box,kerala,trichur,south,India,2012-07-12,2012-07-14,-47.01,4,142.51,Nungambakkam,25-34
High,0.06,55.48,14.3,regular air,hotels / hospitals,processed meat,Smoked Salmon,Small Box,kerala,trichur,south,India,2012-07-12,2012-07-17,346.7043,9,502.47,T Nagar,35-50
Not Specified,0.05,1.74,4.08,express air,restaurant chain,preserved food,Marmalade,Small Pack,andhra pradesh,srikakulam,south,India,2012-07-14,2012-07-15,-56.73,7,14.75,Velachery,25-34
High,0.05,210.55,9.99,express air,stand alone restaurants,processed meat,Fresh Water Eel,Small Box,karnataka,kolar,south,India,2012-07-16,2012-07-17,-270.7,1,211.52,Adyar,18-24
High,0.0001,125.99,7.69,express air,stand alone restaurants,canned foods,Quail Eggs,Small Box,kerala,pathanamthitta,south,India,2012-07-16,2012-07-17,305.964,7,769.09,Adyar,25-34
High,0.05,12.98,3.14,express air,hotels / hospitals,processed meat,Pacific Squid,Small Pack,karnataka,belgaum,south,India,2012-07-19,2012-07-20,-22.918000000000003,14,189.77,Velachery,25-34
Critical,0.0001,51.65,18.45,regular air,stand alone restaurants,preserved food,Marmalade,Medium Box,telangana,karimnagar,south,India,2012-07-19,2012-07-21,-201.124,3,173.5,Anna Nagar,18-24
High,0.06,3.69,0.5,regular air,hotels / hospitals,processed meat,Oysters (Clam),Small Box,tamil nadu,chidambaram,south,India,2012-07-21,2012-07-23,30.5601,12,44.29,T Nagar,50+
Medium,0.1,20.97,6.5,regular air,hotels / hospitals,canned foods,Assorted Fruits,Small Box,tamil nadu,sriperumbudur,south,India,2012-07-22,2012-07-23,-173.334,15,302.35,Velachery,35-50
High,0.03,104.85,19.99,regular air,hotels / hospitals,processed meat,Smoked Salmon,Small Box,tamil nadu,sriperumbudur,south,India,2012-07-22,2012-07-23,136.03199999999998,2,214.14,T Nagar,25-34
Medium,0.02,95.99,8.99,regular air,hotels / hospitals,canned foods,Quail Eggs,Small Box,tamil nadu,sriperumbudur,south,India,2012-07-22,2012-07-24,195.936,9,751.07,OMR,35-50
Medium,0.05,300.97,7.18,regular air,hotels / hospitals,canned foods,Assorted Fruits,Small Box,tamil nadu,namakkal,south,India,2012-07-25,2012-07-27,1450.0487999999998,7,2101.52,Anna Nagar,50+
Low,0.07,96.45,13.99,regular air,hotels / hospitals,canned foods,Sliced Pineapple,Medium Box,tamil nadu,perambalur,south,India,2012-08-03,2012-08-08,27.7796,5,455.49,T Nagar,25-34
High,0.01,40.99,17.48,regular air,personel usage,processed meat,Smoked Salmon,Small Box,andhra pradesh,guntur,south,India,2012-08-08,2012-08-09,-296.114,21,869.24,Adyar,25-34
High,0.03,160.98,30.0,delivery truck,personel usage,preserved food,Sundried Tomatoes,Jumbo Drum,tamil nadu,salem,south,India,2012-08-21,2012-08-23,836.7032,11,1852.24,Tambaram,18-24
High,0.07,40.98,1.99,regular air,personel usage,canned foods,Assorted Fruits,Small Pack,tamil nadu,salem,south,India,2012-08-21,2012-08-22,18.662799999999997,4,158.54,Tambaram,18-24
High,0.0001,6.48,5.94,express air,hotels / hospitals,processed meat,Smoked Salmon,Small Box,andhra pradesh,nandyal,south,India,2012-08-23,2012-08-23,-21.0912,14,103.4,Adyar,35-50
High,0.03,3.75,7.5,regular air,personel usage,processed meat,Oysters (Clam),Small Box,kerala,alleppey,south,India,2012-08-24,2012-08-26,155.1744,22,83.78,Porur,25-34
High,0.0001,240.98,60.2,delivery truck,personel usage,preserved food,Pickle,Jumbo Box,tamil nadu,ramanathapuram,south,India,2012-08-25,2012-08-26,2167.0604,17,4290.63,Adyar,25-34
High,0.09,6.48,9.68,regular air,personel usage,processed meat,Smoked Salmon,Small Box,tamil nadu,ramanathapuram,south,India,2012-08-25,2012-08-26,-67.2048,10,64.76,Anna Nagar,25-34
High,0.07,22.84,5.47,express air,hotels / hospitals,processed meat,Smoked Salmon,Small Box,kerala,kottayam,south,India,2012-09-10,2012-09-13,83.24,7,165.11,Tambaram,50+
High,0.05,4.98,0.8,regular air,stand alone restaurants,processed meat,Smoked Salmon,Wrap Bag,tamil nadu,tenkasi,south,India,2012-09-12,2012-09-14,46.1127,13,66.83,Adyar,25-34
Medium,0.08,65.99,5.26,regular air,stand alone restaurants,canned foods,Quail Eggs,Small Box,tamil nadu,tenkasi,south,India,2012-09-12,2012-09-14,-147.015,5,262.84,T Nagar,18-24
Not Specified,0.08,14.34,5.0,regular air,personel usage,preserved food,Marmalade,Small Pack,telangana,nizamabad,south,India,2012-09-15,2012-09-16,73.73,14,190.9,Adyar,35-50
Not Specified,0.1,195.99,8.99,regular air,personel usage,canned foods,Quail Eggs,Small Box,telangana,nizamabad,south,India,2012-09-15,2012-09-16,-491.26,5,764.66,Porur,18-24
High,0.05,90.48,19.99,regular air,stand alone restaurants,processed meat,Caviar,Small Box,tamil nadu,tenkasi,south,India,2012-09-28,2012-10-05,1340.07,24,2093.36,Velachery,25-34
Medium,0.04,195.99,4.2,express air,hotels / hospitals,canned foods,Quail Eggs,Small Box,tamil nadu,tirunelveli,south,India,2012-10-06,2012-10-07,-513.71496,3,490.04,OMR,25-34
Not Specified,0.05,8.32,2.38,express air,restaurant chain,canned foods,Assorted Fruits,Small Pack,karnataka,belgaum,south,India,2012-10-12,2012-10-13,-132.42600000000002,16,135.1,Anna Nagar,18-24
High,0.1,10.14,2.27,regular air,stand alone restaurants,processed meat,Smoked Salmon,Wrap Bag,kerala,kannur,south,India,2012-10-13,2012-10-15,30.737999999999996,13,120.96,T Nagar,35-50
High,0.05,279.81,23.19,delivery truck,restaurant chain,processed meat,Jelly Fish,Jumbo Drum,kerala,alleppey,south,India,2012-10-16,2012-10-18,16332.413999999999,15,4158.38,T Nagar,35-50
High,0.02,65.99,8.99,regular air,restaurant chain,canned foods,Quail Eggs,Small Box,kerala,alleppey,south,India,2012-10-16,2012-10-17,974.2193999999998,18,1042.65,Velachery,25-34
High,0.09,315.98,19.99,express air,hotels / hospitals,processed meat,Bacon,Small Box,kerala,trivandrum,south,India,2012-10-17,2012-10-19,525.342,9,2672.61,Adyar,35-50
Not Specified,0.07,200.98,23.76,delivery truck,stand alone restaurants,preserved food,Sundried Tomatoes,Jumbo Drum,telangana,warangal,south,India,2012-10-19,2012-10-21,-733.6419999999999,16,3241.71,T Nagar,18-24
High,0.01,12.28,6.47,regular air,stand alone restaurants,processed meat,Smoked Salmon,Small Box,telangana,warangal,south,India,2012-10-19,2012-10-19,54.654,5,68.89,Nungambakkam,18-24
High,0.05,3.75,7.5,regular air,hotels / hospitals,processed meat,Oysters (Clam),Small Box,karnataka,koppal,south,India,2012-10-26,2012-10-29,-75.95,9,35.62,Tambaram,25-34
Critical,0.0001,8.09,7.96,express air,hotels / hospitals,preserved food,Marmalade,Small Box,kerala,trichur,south,India,2012-10-26,2012-10-26,-171.2664,23,204.57,Adyar,35-50
Critical,0.06,14.2,5.3,regular air,hotels / hospitals,preserved food,Marmalade,Wrap Bag,kerala,trichur,south,India,2012-10-26,2012-10-28,33.4144,11,161.11,Tambaram,35-50
High,0.08,31.74,12.62,regular air,stand alone restaurants,processed meat,Bacon,Small Box,tamil nadu,cuddalore,south,India,2012-10-28,2012-11-01,201.51358,24,742.04,T Nagar,25-34
Medium,0.09,65.99,5.63,regular air,personel usage,canned foods,Quail Eggs,Small Box,tamil nadu,thanjavur,south,India,2012-10-30,2012-11-01,274.34952,16,851.68,Velachery,18-24
Not Specified,0.09,45.99,4.99,regular air,personel usage,canned foods,Quail Eggs,Small Box,tamil nadu,sivaganga,south,India,2012-11-05,2012-11-06,24.186800000000034,8,299.74,OMR,35-50
Critical,0.08,7.7,3.68,regular air,hotels / hospitals,preserved food,Marmalade,Wrap Bag,tamil nadu,sivaganga,south,India,2012-11-06,2012-11-07,3.328000000000003,17,129.57,Tambaram,35-50
Medium,0.05,205.99,2.5,regular air,stand alone restaurants,canned foods,Quail Eggs,Small Box,andhra pradesh,rajahmundry,south,India,2012-11-16,2012-11-16,914.076,7,1210.93,Tambaram,25-34
High,0.07,4.98,4.72,regular air,personel usage,processed meat,Smoked Salmon,Small Box,andhra pradesh,hindupur,south,India,2012-11-16,2012-11-18,16.852000000000018,36,170.78,Anna Nagar,25-34
Not Specified,0.01,195.99,4.2,regular air,personel usage,canned foods,Quail Eggs,Small Box,andhra pradesh,hindupur,south,India,2012-11-16,2012-11-18,160.1776000000001,3,504.67,Nungambakkam,25-34
Not Specified,0.06,22.24,1.99,express air,hotels / hospitals,canned foods,Assorted Fruits,Small Pack,karnataka,tumkur,south,India,2012-11-18,2012-11-20,239.42309999999998,15,346.99,T Nagar,25-34
High,0.0001,6.81,5.48,regular air,restaurant chain,processed meat,Bacon,Small Box,karnataka,mysore,south,India,2012-11-22,2012-11-24,-312.9,13,93.28,Porur,25-34
High,0.1,5.78,5.67,regular air,stand alone restaurants,processed meat,Smoked Salmon,Small Box,karnataka,kolar,south,India,2012-11-27,2012-11-30,7.670000000000009,11,62.59,Nungambakkam,35-50
Medium,0.08,18.7,8.99,regular air,hotels / hospitals,preserved food,Marmalade,Small Pack,tamil nadu,tirunelveli,south,India,2012-11-29,2012-12-01,115.126,11,208.2,OMR,25-34
High,0.05,1.68,1.57,regular air,hotels / hospitals,processed meat,Foie Gras,Wrap Bag,tamil nadu,tirunelveli,south,India,2012-11-29,2012-12-01,5.104000000000003,21,35.17,OMR,25-34
Not Specified,0.09,205.99,2.5,regular air,restaurant chain,canned foods,Quail Eggs,Small Box,karnataka,bijapur,south,India,2012-12-04,2012-12-06,45.17999999999999,19,3118.15,T Nagar,18-24
High,0.06,21.38,8.99,regular air,hotels / hospitals,processed meat,Foie Gras,Small Pack,kerala,kozhikode,south,India,2012-12-19,2012-12-20,-23.415,5,105.99,OMR,25-34
Low,0.03,175.99,8.99,regular air,personel usage,canned foods,Quail Eggs,Small Box,andhra pradesh,vizianagaram,south,India,2012-12-26,2012-12-31,13.319999999999999,2,298.91,T Nagar,35-50
High,0.09,30.98,5.76,regular air,hotels / hospitals,processed meat,Smoked Salmon,Small Box,andhra pradesh,ongole,south,India,2012-12-28,2012-12-30,32.538509999999995,16,490.04,Velachery,35-50
High,0.08,30.44,1.49,regular air,hotels / hospitals,processed meat,Bacon,Small Box,karnataka,haveri,south,India,2012-12-30,2013-01-01,304.3452,15,441.08,Adyar,35-50
High,0.04,6.48,5.74,regular air,hotels / hospitals,processed meat,Smoked Salmon,Small Box,karnataka,haveri,south,India,2012-12-30,2013-01-01,-26.105,13,86.17,Adyar,25-34
Medium,0.09,1938.02,13.99,regular air,personel usage,canned foods,Sliced Pineapple,Medium Box,kerala,kottayam,south,India,2013-01-03,2013-01-04,-6024.752784,1,1834.14,Nungambakkam,25-34
Low,0.02,49.34,10.25,regular air,personel usage,preserved food,Marmalade,Large Box,telangana,karimnagar,south,India,2013-01-04,2013-01-08,34.992,4,198.08,OMR,25-34
High,0.09,9.85,4.82,regular air,stand alone restaurants,processed meat,Foie Gras,Wrap Bag,kerala,pathanamthitta,south,India,2013-01-04,2013-01-05,-26.04,13,122.49,Velachery,18-24
High,0.01,2.94,0.81,regular air,stand alone restaurants,processed meat,Foie Gras,Wrap Bag,kerala,pathanamthitta,south,India,2013-01-04,2013-01-05,10.701899999999998,5,15.51,Tambaram,25-34
High,0.0001,4.91,0.5,regular air,personel usage,processed meat,Oysters (Clam),Small Box,kerala,kottayam,south,India,2013-01-07,2013-01-09,20.9346,6,30.34,Nungambakkam,25-34
Medium,0.07,376.13,85.63,delivery truck,restaurant chain,preserved food,Jams,Jumbo Box,tamil nadu,tirunelveli,south,India,2013-01-08,2013-01-10,-430.4784,1,296.97,OMR,25-34
Low,0.02,29.18,8.55,regular air,hotels / hospitals,preserved food,Marmalade,Small Box,tamil nadu,coimbatore,south,India,2013-01-10,2013-01-15,203.36999999999998,10,288.41,Anna Nagar,35-50
High,0.02,4.91,0.5,regular air,stand alone restaurants,processed meat,Oysters (Clam),Small Box,karnataka,bellary,south,India,2013-01-10,2013-01-12,29.8839,9,43.31,T Nagar,18-24
Critical,0.04,300.98,64.73,delivery truck,hotels / hospitals,preserved food,Sundried Tomatoes,Jumbo Drum,andhra pradesh,vizianagaram,south,India,2013-01-12,2013-01-14,13.043999999999999,6,1838.82,Nungambakkam,35-50
Critical,0.08,29.99,5.5,regular air,hotels / hospitals,canned foods,Assorted Fruits,Small Box,andhra pradesh,vizianagaram,south,India,2013-01-12,2013-01-14,-7.14,3,85.1,T Nagar,35-50
High,0.0001,8.69,2.99,regular air,stand alone restaurants,processed meat,Bacon,Small Box,telangana,nizamabad,south,India,2013-01-12,2013-01-13,-12.93382,1,10.54,Tambaram,25-34
High,0.07,11.7,6.96,regular air,hotels / hospitals,processed meat,Jelly Fish,Medium Box,kerala,kozhikode,south,India,2013-01-13,2013-01-14,-88.102,8,89.77,Anna Nagar,50+
High,0.08,35.44,4.92,regular air,stand alone restaurants,processed meat,Smoked Salmon,Small Box,andhra pradesh,tirupati,south,India,2013-01-15,2013-01-16,296.3067,13,429.43,T Nagar,25-34
High,0.09,120.98,9.07,regular air,restaurant chain,processed meat,Bacon,Small Box,tamil nadu,tiruchchirappalli,south,India,2013-01-16,2013-01-20,683.6727,9,990.83,Velachery,18-24
High,0.02,4.13,0.99,regular air,personel usage,processed meat,Oysters (Clam),Small Box,andhra pradesh,kadapa,south,India,2013-01-16,2013-01-17,19.941,7,28.9,OMR,18-24
High,0.02,10.48,6.91,regular air,personel usage,processed meat,Fresh Water Eel,Small Box,andhra pradesh,kadapa,south,India,2013-01-16,2013-01-16,-134.168,10,105.65,Velachery,25-34
High,0.1,7.64,1.39,regular air,hotels / hospitals,processed meat,Caviar,Small Box,andhra pradesh,vishakhapatnam,south,India,2013-01-17,2013-01-19,4.0392,5,36.14,T Nagar,25-34
Medium,0.0001,125.99,2.5,regular air,hotels / hospitals,canned foods,Quail Eggs,Small Box,andhra pradesh,vishakhapatnam,south,India,2013-01-17,2013-01-19,-20.734,1,112.45,Adyar,35-50
High,0.1,85.99,1.25,regular air,stand alone restaurants,canned foods,Quail Eggs,Small Pack,tamil nadu,dharmapuri,south,India,2013-01-23,2013-01-24,767.6219999999998,9,603.88,Porur,35-50
High,0.09,20.97,6.5,regular air,stand alone restaurants,canned foods,Assorted Fruits,Small Box,tamil nadu,erode,south,India,2013-01-23,2013-01-24,92.78999999999999,2,41.55,Velachery,25-34
High,0.01,155.99,3.9,regular air,stand alone restaurants,canned foods,Quail Eggs,Small Box,tamil nadu,erode,south,India,2013-01-23,2013-01-25,-41.286,3,425.3,Anna Nagar,25-34
High,0.05,19.98,5.86,regular air,stand alone restaurants,processed meat,Smoked Salmon,Small Box,andhra pradesh,nellore,south,India,2013-01-26,2013-01-27,0.14439999999999828,1,21.48,Velachery,25-34
High,0.1,34.76,8.22,regular air,stand alone restaurants,processed meat,Fresh Water Eel,Small Box,tamil nadu,krishnagiri,south,India,2013-02-01,2013-02-03,43.36,7,225.5,T Nagar,25-34
Medium,0.1,286.85,61.76,delivery truck,stand alone restaurants,preserved food,Jams,Jumbo Box,tamil nadu,krishnagiri,south,India,2013-02-01,2013-02-02,-298.62,3,682.64,Tambaram,25-34
Not Specified,0.1,5.08,3.63,regular air,restaurant chain,preserved food,Marmalade,Wrap Bag,tamil nadu,pollachi,south,India,2013-02-03,2013-02-05,-32.4,9,45.35,Tambaram,35-50
High,0.05,4.28,4.79,regular air,personel usage,processed meat,Smoked Salmon,Small Box,andhra pradesh,hindupur,south,India,2013-02-07,2013-02-08,-92.42,11,49.56,Adyar,25-34
Medium,0.1,276.2,24.49,regular air,stand alone restaurants,preserved food,Sundried Tomatoes,Large Box,tamil nadu,pollachi,south,India,2013-02-07,2013-02-08,7.920000000000073,2,545.1,Velachery,35-50
Medium,0.01,8.12,2.83,express air,stand alone restaurants,canned foods,Assorted Fruits,Small Pack,tamil nadu,pollachi,south,India,2013-02-07,2013-02-08,-52.18,9,76.95,Tambaram,35-50
Critical,0.09,115.99,5.99,express air,hotels / hospitals,canned foods,Quail Eggs,Small Box,karnataka,haveri,south,India,2013-02-10,2013-02-12,-90.123,4,366.1,Adyar,25-34
Low,0.04,12.22,2.85,regular air,stand alone restaurants,preserved food,Marmalade,Small Pack,tamil nadu,kanniyakumari,south,India,2013-02-10,2013-02-17,-48.342,1,12.77,Tambaram,18-24
Low,0.09,99.99,19.99,regular air,hotels / hospitals,canned foods,Sliced Pineapple,Small Box,telangana,khammam,south,India,2013-02-11,2013-02-11,-267.7108,9,856.82,OMR,25-34
High,0.04,6.48,6.6,regular air,hotels / hospitals,processed meat,Smoked Salmon,Small Box,andhra pradesh,nandyal,south,India,2013-02-12,2013-02-13,-118.74,12,81.53,Tambaram,25-34
High,0.09,35.99,0.99,regular air,hotels / hospitals,canned foods,Quail Eggs,Small Pack,andhra pradesh,nandyal,south,India,2013-02-12,2013-02-15,-67.133,2,56.79,Adyar,25-34
High,0.0001,2.61,0.5,regular air,hotels / hospitals,processed meat,Oysters (Clam),Small Box,karnataka,bagalkot,south,India,2013-02-16,2013-02-16,-58.24,9,24.79,Velachery,35-50
Low,0.03,25.13,9.87,regular air,hotels / hospitals,preserved food,Marmalade,Small Box,karnataka,bagalkot,south,India,2013-02-16,2013-02-21,-683.6368,2,53.52,Nungambakkam,25-34
High,0.01,5.68,3.6,regular air,hotels / hospitals,processed meat,Pacific Squid,Small Pack,karnataka,bagalkot,south,India,2013-02-16,2013-02-18,23.6538,11,63.35,Adyar,35-50
Low,0.0001,125.99,5.63,regular air,hotels / hospitals,canned foods,Quail Eggs,Small Box,karnataka,mandya,south,India,2013-02-16,2013-02-23,-261.42199999999997,11,1201.57,Adyar,50+
High,0.03,2.74,3.5,regular air,hotels / hospitals,processed meat,Foie Gras,Small Pack,tamil nadu,dharmapuri,south,India,2013-02-17,2013-02-20,648.972,5,14.96,Anna Nagar,25-34
High,0.06,155.99,3.9,regular air,restaurant chain,canned foods,Quail Eggs,Small Box,andhra pradesh,srikakulam,south,India,2013-02-17,2013-02-19,428.472,5,648.11,OMR,35-50
High,0.09,3.08,0.99,regular air,hotels / hospitals,processed meat,Oysters (Clam),Small Box,tamil nadu,tiruchchirappalli,south,India,2013-02-19,2013-02-21,23.1564,11,33.56,Adyar,25-34
High,0.01,10.35,0.99,regular air,hotels / hospitals,processed meat,Oysters (Clam),Small Box,telangana,nizamabad,south,India,2013-02-19,2013-02-20,91.9149,13,133.21,T Nagar,25-34
High,0.0001,205.99,5.0,regular air,hotels / hospitals,canned foods,Quail Eggs,Small Box,karnataka,bagalkot,south,India,2013-02-24,2013-02-26,-76.874,11,1964.53,T Nagar,35-50
High,0.05,9.31,3.98,regular air,personel usage,processed meat,Pacific Squid,Small Pack,tamil nadu,tiruchchirappalli,south,India,2013-02-26,2013-03-04,-17.58,9,83.01,Adyar,25-34
High,0.01,10.98,3.99,regular air,hotels / hospitals,processed meat,Jelly Fish,Small Box,telangana,nalgonda,south,India,2013-02-26,2013-03-01,113.568,5,56.55,Tambaram,50+
Low,0.07,125.99,8.8,express air,hotels / hospitals,canned foods,Quail Eggs,Small Box,tamil nadu,chidambaram,south,India,2013-02-27,2013-03-01,21.024,4,421.49,Adyar,35-50
High,0.08,20.89,1.99,regular air,stand alone restaurants,canned foods,Assorted Fruits,Small Pack,andhra pradesh,rajampet,south,India,2013-02-27,2013-03-01,157.8927,11,228.83,Anna Nagar,35-50
Not Specified,0.0001,5.89,5.57,regular air,personel usage,preserved food,Marmalade,Small Box,tamil nadu,arakkonam,south,India,2013-03-01,2013-03-03,-8.06,1,11.7,OMR,18-24
High,0.06,40.98,7.47,regular air,hotels / hospitals,processed meat,Bacon,Small Box,karnataka,hassan,south,India,2013-03-03,2013-03-04,280.347,10,406.3,T Nagar,25-34
Low,0.05,43.22,4.0,express air,restaurant chain,canned foods,Assorted Fruits,Small Box,kerala,trivandrum,south,India,2013-03-21,2013-03-25,-149.51999999999998,6,262.76,Velachery,35-50
Low,0.0001,205.99,5.26,express air,restaurant chain,canned foods,Quail Eggs,Small Box,kerala,trivandrum,south,India,2013-03-21,2013-03-30,-3.122,6,1053.61,T Nagar,35-50
High,0.02,9.11,2.15,regular air,personel usage,processed meat,Smoked Salmon,Wrap Bag,karnataka,bellary,south,India,2013-03-22,2013-03-24,-2.82,1,9.65,T Nagar,35-50
Critical,0.01,30.98,6.5,express air,hotels / hospitals,canned foods,Assorted Fruits,Small Box,tamil nadu,dindigul,south,India,2013-03-23,2013-03-24,-84.12,3,96.68,Anna Nagar,35-50
High,0.09,4.13,1.17,regular air,hotels / hospitals,processed meat,Foie Gras,Wrap Bag,tamil nadu,dindigul,south,India,2013-03-23,2013-03-25,5.98,9,35.49,Velachery,35-50
High,0.04,19.98,5.97,regular air,restaurant chain,processed meat,Smoked Salmon,Small Box,andhra pradesh,srikakulam,south,India,2013-03-25,2013-03-26,126.12509999999999,9,182.79,T Nagar,35-50
High,0.05,68.81,60.0,delivery truck,restaurant chain,processed meat,Jelly Fish,Jumbo Drum,karnataka,belgaum,south,India,2013-03-26,2013-03-28,-96.978,2,155.73,Velachery,18-24
Medium,0.01,150.98,66.27,delivery truck,personel usage,preserved food,Pickle,Jumbo Box,kerala,kottayam,south,India,2013-03-27,2013-03-28,-567.14,9,1415.16,Adyar,35-50
High,0.01,20.99,0.99,regular air,personel usage,canned foods,Quail Eggs,Wrap Bag,tamil nadu,dharmapuri,south,India,2013-04-09,2013-04-12,40.788,4,72.77,Velachery,35-50
High,0.0001,6.68,5.66,regular air,hotels / hospitals,processed meat,Smoked Salmon,Small Box,tamil nadu,chidambaram,south,India,2013-04-10,2013-04-12,-18.24,2,15.04,Velachery,35-50
Critical,0.01,110.99,8.99,regular air,hotels / hospitals,canned foods,Quail Eggs,Small Box,karnataka,belgaum,south,India,2013-04-11,2013-04-13,3109.824,9,893.04,Tambaram,50+
High,0.08,2550.14,29.7,delivery truck,personel usage,canned foods,Sliced Pineapple,Jumbo Drum,tamil nadu,theni,south,India,2013-04-12,2013-04-14,-7373.1282,1,2346.13,T Nagar,35-50
Not Specified,0.1,2550.14,29.7,delivery truck,personel usage,canned foods,Sliced Pineapple,Jumbo Drum,tamil nadu,tenkasi,south,India,2013-04-16,2013-04-18,-3798.0110999999997,2,4911.57,Adyar,18-24
High,0.05,4.82,1.49,regular air,stand alone restaurants,processed meat,Bacon,Small Box,andhra pradesh,rajahmundry,south,India,2013-04-17,2013-04-18,-142.8231,11,52.27,T Nagar,35-50
High,0.05,7.64,5.83,regular air,stand alone restaurants,processed meat,Smoked Salmon,Wrap Bag,andhra pradesh,rajahmundry,south,India,2013-04-17,2013-04-19,4.6614,3,24.18,T Nagar,25-34
Critical,0.02,155.99,8.99,regular air,stand alone restaurants,canned foods,Quail Eggs,Small Box,andhra pradesh,rajahmundry,south,India,2013-04-17,2013-04-18,238.80419999999998,8,1039.52,Adyar,35-50
High,0.02,6.48,5.9,regular air,hotels / hospitals,processed meat,Smoked Salmon,Small Box,karnataka,haveri,south,India,2013-04-18,2013-04-22,-17.58,2,15.27,Adyar,35-50
High,0.02,34.76,8.22,regular air,personel usage,processed meat,Fresh Water Eel,Small Box,andhra pradesh,vijayawada,south,India,2013-04-20,2013-04-21,175.32,8,285.48,Porur,35-50
Critical,0.06,7.59,4.0,express air,hotels / hospitals,preserved food,Marmalade,Wrap Bag,karnataka,koppal,south,India,2013-04-21,2013-04-21,-5.1520000000000294,5,37.22,Adyar,35-50
Medium,0.09,238.4,24.49,regular air,personel usage,preserved food,Sundried Tomatoes,Large Box,karnataka,raichur,south,India,2013-04-23,2013-04-24,41.83,3,658.18,Nungambakkam,18-24
Medium,0.0001,85.99,1.25,express air,personel usage,canned foods,Quail Eggs,Small Pack,karnataka,raichur,south,India,2013-04-23,2013-04-25,128.952,3,221.59,T Nagar,35-50
Medium,0.06,155.99,3.9,regular air,personel usage,canned foods,Quail Eggs,Small Box,karnataka,shimoga,south,India,2013-04-23,2013-04-26,781.7286,9,1132.94,T Nagar,18-24
High,0.09,363.25,19.99,regular air,personel usage,processed meat,Jelly Fish,Small Box,karnataka,shimoga,south,India,2013-04-25,2013-04-25,294.39,2,680.95,T Nagar,18-24
Critical,0.02,19.98,10.49,regular air,personel usage,preserved food,Marmalade,Small Box,karnataka,shimoga,south,India,2013-04-25,2013-04-27,-10.4,6,129.74,T Nagar,35-50
Critical,0.09,8.34,0.96,regular air,personel usage,preserved food,Marmalade,Wrap Bag,karnataka,shimoga,south,India,2013-04-25,2013-04-26,22.7976,4,33.04,Adyar,35-50
High,0.0001,22.84,8.18,regular air,restaurant chain,processed meat,Smoked Salmon,Small Box,karnataka,haveri,south,India,2013-04-25,2013-04-27,-4.17,1,25.39,OMR,25-34
Medium,0.05,29.89,1.99,regular air,stand alone restaurants,canned foods,Assorted Fruits,Small Pack,andhra pradesh,nellore,south,India,2013-05-02,2013-05-03,277.0419,14,401.51,T Nagar,25-34
Medium,0.02,1938.02,13.99,regular air,personel usage,canned foods,Sliced Pineapple,Medium Box,tamil nadu,vellore,south,India,2013-05-04,2013-05-06,-397.51865999999995,4,8052.86,Nungambakkam,25-34
High,0.06,6.68,5.41,regular air,hotels / hospitals,processed meat,Smoked Salmon,Small Box,andhra pradesh,narasaraopet,south,India,2013-05-09,2013-05-10,57.804,14,91.39,Tambaram,25-34
High,0.03,6.48,5.94,regular air,hotels / hospitals,processed meat,Smoked Salmon,Small Box,karnataka,mandya,south,India,2013-05-10,2013-05-11,485.8413,7,48.53,Anna Nagar,35-50
High,0.05,4.98,4.7,regular air,hotels / hospitals,processed meat,Smoked Salmon,Small Box,karnataka,mandya,south,India,2013-05-10,2013-05-12,-50.05,5,25.57,T Nagar,35-50
High,0.1,55.99,5.0,regular air,hotels / hospitals,canned foods,Quail Eggs,Small Pack,karnataka,mandya,south,India,2013-05-10,2013-05-13,-170.96800000000002,12,551.35,T Nagar,50+
High,0.03,4.13,5.04,regular air,personel usage,processed meat,Bacon,Small Box,tamil nadu,dharmapuri,south,India,2013-05-13,2013-05-15,-6.09,5,22.11,T Nagar,35-50
High,0.02,5.78,7.96,regular air,stand alone restaurants,processed meat,Smoked Salmon,Small Box,tamil nadu,cuddalore,south,India,2013-05-20,2013-05-23,-138.92,11,69.25,T Nagar,35-50
High,0.02,7.3,7.72,regular air,restaurant chain,processed meat,Bacon,Small Box,tamil nadu,tiruvallur,south,India,2013-05-21,2013-05-22,-171.166,16,124.95,Adyar,18-24
High,0.06,41.71,4.5,regular air,restaurant chain,processed meat,Jelly Fish,Small Box,tamil nadu,nagapattinam,south,India,2013-05-26,2013-05-28,0.516,16,635.06,Anna Nagar,25-34
High,0.1,5.34,2.99,regular air,restaurant chain,processed meat,Bacon,Small Box,tamil nadu,nagapattinam,south,India,2013-05-26,2013-05-27,274.686,4,20.61,Velachery,18-24
Medium,0.09,17.48,1.99,regular air,stand alone restaurants,canned foods,Assorted Fruits,Small Pack,tamil nadu,theni,south,India,2013-05-28,2013-05-29,142.70579999999998,12,206.82,Nungambakkam,25-34
Low,0.04,92.23,39.61,express air,restaurant chain,preserved food,Marmalade,Medium Box,tamil nadu,tiruchchirappalli,south,India,2013-05-29,2013-05-29,80.8,6,575.69,OMR,25-34
High,0.04,2.88,0.7,regular air,restaurant chain,processed meat,Foie Gras,Wrap Bag,tamil nadu,tiruchchirappalli,south,India,2013-05-29,2013-05-29,8.13,8,22.78,Nungambakkam,35-50
Low,0.02,205.99,8.99,regular air,restaurant chain,canned foods,Quail Eggs,Small Box,tamil nadu,tiruvannamalai,south,India,2013-05-29,2013-05-31,-54.362,4,693.22,T Nagar,25-34
High,0.07,100.98,35.84,delivery truck,restaurant chain,preserved food,Pickle,Jumbo Box,tamil nadu,perambalur,south,India,2013-05-30,2013-06-01,-277.63,10,960.07,Velachery,18-24
High,0.1,65.99,8.99,regular air,restaurant chain,canned foods,Quail Eggs,Small Box,tamil nadu,perambalur,south,India,2013-05-30,2013-06-01,134.73,12,614.32,Adyar,18-24
Medium,0.08,10.64,5.16,regular air,hotels / hospitals,preserved food,Marmalade,Small Box,kerala,pathanamthitta,south,India,2013-05-30,2013-05-31,-14.27,14,145.57,T Nagar,50+
High,0.08,6.48,6.22,express air,personel usage,processed meat,Smoked Salmon,Small Box,tamil nadu,dharmapuri,south,India,2013-05-31,2013-05-31,-10.85,6,43.21,T Nagar,25-34
High,0.09,6.48,9.68,express air,personel usage,processed meat,Smoked Salmon,Small Box,andhra pradesh,hindupur,south,India,2013-06-03,2013-06-10,-68.232,6,43.14,OMR,18-24
High,0.09,20.98,45.0,delivery truck,personel usage,processed meat,Fresh Water Eel,Jumbo Drum,andhra pradesh,hindupur,south,India,2013-06-03,2013-06-03,-356.616,5,117.54,OMR,18-24
Low,0.04,65.99,8.99,regular air,personel usage,canned foods,Quail Eggs,Small Box,andhra pradesh,hindupur,south,India,2013-06-03,2013-06-05,-164.9208,3,167.64,Velachery,25-34
High,0.09,363.25,19.99,regular air,personel usage,processed meat,Jelly Fish,Small Box,tamil nadu,vellore,south,India,2013-06-07,2013-06-10,223.44119999999998,1,343.78,Velachery,18-24
Not Specified,0.03,22.98,7.58,regular air,personel usage,preserved food,Marmalade,Small Box,tamil nadu,vellore,south,India,2013-06-07,2013-06-09,231.48,13,315.86,Velachery,35-50
High,0.01,9.78,5.76,regular air,personel usage,processed meat,Caviar,Small Box,kerala,alleppey,south,India,2013-06-10,2013-06-11,661.1400000000001,1,11.89,T Nagar,25-34
High,0.04,21.38,8.99,regular air,personel usage,processed meat,Foie Gras,Small Pack,kerala,alleppey,south,India,2013-06-10,2013-06-12,-606.6062002000001,4,85.37,Anna Nagar,18-24
Medium,0.01,145.98,51.92,delivery truck,personel usage,preserved food,Jams,Jumbo Box,kerala,alleppey,south,India,2013-06-10,2013-06-12,176.52599999999998,1,166.16,T Nagar,18-24
High,0.04,165.2,19.99,express air,stand alone restaurants,processed meat,Fresh Water Eel,Small Box,tamil nadu,thanjavur,south,India,2013-07-04,2013-07-06,1497.3345,13,2170.05,T Nagar,35-50
High,0.05,16.91,6.25,express air,hotels / hospitals,processed meat,Fresh Water Eel,Small Box,kerala,trivandrum,south,India,2013-07-10,2013-07-12,-204.918,17,291.95,Nungambakkam,35-50
Not Specified,0.0001,205.99,8.99,regular air,stand alone restaurants,canned foods,Quail Eggs,Small Box,andhra pradesh,eluru,south,India,2013-07-13,2013-07-15,1280.6192999999998,10,1855.97,Adyar,25-34
High,0.01,2.78,1.34,regular air,stand alone restaurants,processed meat,Foie Gras,Wrap Bag,telangana,nizamabad,south,India,2013-07-16,2013-07-16,0.8268800000000007,8,22.93,OMR,35-50
High,0.06,15.42,10.68,regular air,stand alone restaurants,processed meat,Fresh Water Eel,Small Box,telangana,nizamabad,south,India,2013-07-16,2013-07-17,-33.38832,1,18.18,Anna Nagar,35-50
Low,0.09,306.14,26.53,delivery truck,personel usage,canned foods,Sliced Pineapple,Jumbo Drum,andhra pradesh,vizianagaram,south,India,2013-07-16,2013-07-18,-177.24,11,3196.77,Velachery,35-50
High,0.05,4.98,5.49,regular air,personel usage,processed meat,Smoked Salmon,Small Box,andhra pradesh,vizianagaram,south,India,2013-07-16,2013-07-25,-8.288,9,47.04,Anna Nagar,35-50
High,0.03,11.66,7.95,express air,personel usage,processed meat,Foie Gras,Small Pack,kerala,kannur,south,India,2013-07-17,2013-07-19,-19.2878,16,189.79,T Nagar,25-34
Not Specified,0.03,80.97,30.06,delivery truck,hotels / hospitals,canned foods,Sliced Pineapple,Jumbo Box,andhra pradesh,kadapa,south,India,2013-07-21,2013-07-23,469.9616,15,1200.38,T Nagar,25-34
High,0.05,5.28,5.66,regular air,hotels / hospitals,processed meat,Smoked Salmon,Small Box,andhra pradesh,kadapa,south,India,2013-07-21,2013-07-22,-87.81648000000001,13,71.71,Tambaram,50+
High,0.02,15.04,1.97,regular air,personel usage,processed meat,Smoked Salmon,Wrap Bag,andhra pradesh,kakinada,south,India,2013-07-22,2013-07-27,41.334,11,169.31,OMR,25-34
Critical,0.07,23.99,15.68,delivery truck,personel usage,preserved food,Marmalade,Jumbo Drum,tamil nadu,dharmapuri,south,India,2013-07-23,2013-07-24,-115.68199999999999,7,163.23,Adyar,25-34
Low,0.02,105.34,24.49,express air,personel usage,preserved food,Marmalade,Large Box,telangana,mahbubnagar,south,India,2013-07-27,2013-08-05,-2549.176,4,439.45,Velachery,35-50
High,0.05,15.67,1.39,regular air,hotels / hospitals,processed meat,Caviar,Small Box,andhra pradesh,vizianagaram,south,India,2013-07-29,2013-07-31,5.507999999999999,2,30.96,Porur,25-34
High,0.09,5.98,5.14,regular air,hotels / hospitals,processed meat,Smoked Salmon,Small Box,andhra pradesh,vizianagaram,south,India,2013-07-29,2013-07-30,10.62,7,41.51,T Nagar,35-50
High,0.01,3.95,2.0,regular air,hotels / hospitals,processed meat,Tuna,Wrap Bag,telangana,adilabad,south,India,2013-08-04,2013-08-05,-20.253800000000002,12,47.97,Anna Nagar,25-34
High,0.06,64.98,6.88,regular air,hotels / hospitals,processed meat,Fresh Water Eel,Small Box,telangana,adilabad,south,India,2013-08-04,2013-08-06,20.91,3,188.52,Anna Nagar,35-50
High,0.03,535.64,14.7,delivery truck,stand alone restaurants,canned foods,Sliced Pineapple,Jumbo Drum,tamil nadu,krishnagiri,south,India,2013-08-07,2013-08-08,8202.5682,22,11887.78,Tambaram,18-24
High,0.09,9.71,9.45,regular air,hotels / hospitals,processed meat,Fresh Water Eel,Small Box,andhra pradesh,vizianagaram,south,India,2013-08-08,2013-08-08,6.3342,1,13.92,Nungambakkam,25-34
Critical,0.09,400.97,48.26,delivery truck,hotels / hospitals,canned foods,Sliced Pineapple,Jumbo Box,tamil nadu,krishnagiri,south,India,2013-08-09,2013-08-10,3793.1852999999996,15,5497.37,Anna Nagar,25-34
High,0.0001,4.13,0.99,regular air,hotels / hospitals,processed meat,Oysters (Clam),Small Box,telangana,nalgonda,south,India,2013-08-12,2013-08-17,32.574,18,80.78,Porur,35-50
High,0.02,24.95,2.99,regular air,stand alone restaurants,processed meat,Bacon,Small Box,andhra pradesh,amalapuram,south,India,2013-08-14,2013-08-16,-106.554,5,133.53,Tambaram,25-34
High,0.09,4.0,1.3,regular air,stand alone restaurants,processed meat,Smoked Salmon,Wrap Bag,andhra pradesh,amalapuram,south,India,2013-08-14,2013-08-15,-680.568,11,41.49,Anna Nagar,25-34
Critical,0.05,65.99,5.99,regular air,stand alone restaurants,canned foods,Quail Eggs,Small Box,telangana,nizamabad,south,India,2013-08-16,2013-08-18,202.97303999999997,12,661.28,Velachery,35-50
High,0.08,89.83,35.0,regular air,personel usage,processed meat,Fresh Water Eel,Large Box,tamil nadu,ramanathapuram,south,India,2013-08-18,2013-08-20,-437.6231200000001,21,1874.5,Velachery,25-34
Low,0.03,179.29,29.21,delivery truck,personel usage,preserved food,Jams,Jumbo Box,andhra pradesh,vijayawada,south,India,2013-08-19,2013-08-24,144.31431999999998,18,3145.43,Nungambakkam,18-24
High,0.04,6.84,8.37,regular air,personel usage,processed meat,Pacific Squid,Small Pack,tamil nadu,sivaganga,south,India,2013-08-19,2013-08-20,-117.25296000000003,24,161.87,T Nagar,35-50
Not Specified,0.07,125.99,7.69,regular air,personel usage,canned foods,Quail Eggs,Small Box,tamil nadu,sivaganga,south,India,2013-08-19,2013-08-20,139.258512,10,995.95,Tambaram,18-24
High,0.05,376.13,85.63,delivery truck,restaurant chain,preserved food,Jams,Jumbo Box,tamil nadu,arani,south,India,2013-08-24,2013-08-26,654.2586,2,807.49,Anna Nagar,35-50
High,0.08,110.98,35.0,regular air,hotels / hospitals,processed meat,Fresh Water Eel,Large Box,karnataka,tumkur,south,India,2013-08-26,2013-08-28,-154.89568000000003,5,550.37,OMR,25-34
High,0.09,54.96,10.75,regular air,hotels / hospitals,processed meat,Smoked Salmon,Small Box,tamil nadu,namakkal,south,India,2013-08-30,2013-08-31,511.1381999999999,14,740.78,Velachery,50+
Critical,0.06,95.98,58.2,delivery truck,personel usage,preserved food,Sundried Tomatoes,Jumbo Drum,tamil nadu,tiruchchirappalli,south,India,2013-08-30,2013-09-01,-336.38464000000005,15,1396.96,Adyar,18-24
High,0.0001,2.89,0.5,express air,hotels / hospitals,processed meat,Oysters (Clam),Small Box,kerala,palghat,south,India,2013-09-02,2013-09-03,19.409699999999997,7,28.13,Tambaram,50+
Not Specified,0.07,286.85,61.76,delivery truck,hotels / hospitals,preserved food,Jams,Jumbo Box,andhra pradesh,bapatla,south,India,2013-09-04,2013-09-06,-32.48,23,5082.26,Tambaram,35-50
High,0.02,3.98,5.26,regular air,hotels / hospitals,processed meat,Bacon,Small Box,karnataka,gulbarga,south,India,2013-09-09,2013-09-11,-40.012,11,49.23,Porur,50+
High,0.0001,20.89,11.52,regular air,personel usage,processed meat,Fresh Water Eel,Small Box,telangana,mahbubnagar,south,India,2013-09-10,2013-09-11,82.482,1,26.65,T Nagar,18-24
Low,0.04,13.79,8.78,regular air,hotels / hospitals,preserved food,Marmalade,Small Box,telangana,khammam,south,India,2013-09-12,2013-09-12,-105.35,8,118.77,OMR,35-50
High,0.08,48.91,5.81,regular air,hotels / hospitals,processed meat,Smoked Salmon,Small Box,telangana,khammam,south,India,2013-09-12,2013-09-12,-16.5186,2,95.67,T Nagar,50+
Not Specified,0.05,204.1,13.99,regular air,hotels / hospitals,canned foods,Sliced Pineapple,Medium Box,telangana,karimnagar,south,India,2013-09-12,2013-09-13,177.36,22,4393.66,Velachery,35-50
High,0.06,33.29,8.74,regular air,stand alone restaurants,processed meat,Fresh Water Eel,Small Box,tamil nadu,cuddalore,south,India,2013-09-17,2013-09-19,71.6904,15,506.93,Adyar,25-34
Medium,0.01,4.98,4.62,regular air,stand alone restaurants,canned foods,Assorted Fruits,Small Pack,andhra pradesh,rajampet,south,India,2013-09-18,2013-09-20,-52.072,8,44.12,Velachery,25-34
High,0.03,4.82,5.24,express air,restaurant chain,processed meat,Bacon,Small Box,tamil nadu,nagapattinam,south,India,2013-09-18,2013-09-19,-101.12200000000001,7,41.13,Adyar,25-34
Medium,0.05,100.97,7.18,regular air,restaurant chain,canned foods,Assorted Fruits,Small Box,tamil nadu,nagapattinam,south,India,2013-09-18,2013-09-19,77.59800000000001,15,1525.15,Nungambakkam,25-34
High,0.09,3.98,2.97,regular air,restaurant chain,processed meat,Smoked Salmon,Wrap Bag,tamil nadu,nagapattinam,south,India,2013-09-18,2013-09-18,42.288,2,9.17,T Nagar,25-34
Medium,0.02,16.98,12.39,regular air,personel usage,preserved food,Marmalade,Large Box,andhra pradesh,nellore,south,India,2013-09-20,2013-09-22,-28.621199999999998,4,74.76,OMR,35-50
High,0.09,14.48,6.46,regular air,personel usage,processed meat,Bacon,Small Box,telangana,nizamabad,south,India,2013-09-25,2013-09-27,20.91204,14,195.33,Velachery,18-24
High,0.02,4.71,0.7,regular air,restaurant chain,processed meat,Tuna,Wrap Bag,karnataka,bellary,south,India,2013-09-28,2013-09-29,-2.9716,15,73.75,T Nagar,18-24
High,0.0001,29.74,6.64,regular air,personel usage,processed meat,Fresh Water Eel,Small Box,tamil nadu,arani,south,India,2013-09-30,2013-10-05,36.036,16,484.03,T Nagar,35-50
High,0.04,6.48,9.17,express air,restaurant chain,processed meat,Smoked Salmon,Small Box,karnataka,haveri,south,India,2013-10-04,2013-10-09,-249.27,25,163.49,Nungambakkam,35-50
High,0.08,6.48,8.19,regular air,hotels / hospitals,processed meat,Smoked Salmon,Small Box,andhra pradesh,amalapuram,south,India,2013-10-09,2013-10-10,52.5606,19,118.61,Porur,35-50
High,0.09,16.98,12.39,regular air,hotels / hospitals,processed meat,Caviar,Small Box,andhra pradesh,kakinada,south,India,2013-10-09,2013-10-11,-231.87779999999998,24,377.31,Porur,35-50
High,0.07,6.48,7.07,regular air,restaurant chain,processed meat,Smoked Salmon,Small Box,karnataka,bijapur,south,India,2013-10-09,2013-10-11,-146.986,15,101.29,Nungambakkam,18-24
High,0.09,5.68,1.39,regular air,hotels / hospitals,processed meat,Caviar,Small Box,tamil nadu,krishnagiri,south,India,2013-10-14,2013-10-19,8.82,5,27.83,Anna Nagar,25-34
High,0.08,22.01,5.53,regular air,hotels / hospitals,processed meat,Foie Gras,Small Pack,andhra pradesh,kadapa,south,India,2013-10-16,2013-10-16,4.75,9,192.46,Velachery,35-50
High,0.03,6.68,7.3,express air,hotels / hospitals,processed meat,Smoked Salmon,Small Box,andhra pradesh,ongole,south,India,2013-10-16,2013-10-21,121.944,17,117.88,OMR,35-50
High,0.02,5.98,5.35,regular air,personel usage,processed meat,Smoked Salmon,Small Box,tamil nadu,salem,south,India,2013-10-18,2013-10-21,-70.85,20,124.64,Tambaram,25-34
High,0.05,4.48,49.0,regular air,hotels / hospitals,processed meat,Jelly Fish,Large Box,karnataka,belgaum,south,India,2013-10-19,2013-10-23,292.302,2,33.61,Velachery,25-34
Medium,0.04,599.99,24.49,regular air,personel usage,canned foods,Wild Berry,Large Box,telangana,mahbubnagar,south,India,2013-10-20,2013-10-22,16.338,22,13685.53,Velachery,35-50
High,0.08,21.38,8.99,regular air,personel usage,processed meat,Foie Gras,Small Pack,kerala,kottayam,south,India,2013-10-22,2013-10-24,-57.75,23,488.88,Velachery,35-50
Critical,0.01,6.24,5.22,express air,hotels / hospitals,preserved food,Marmalade,Small Box,telangana,mahbubnagar,south,India,2013-10-24,2013-10-26,23.513999999999996,3,27.14,Adyar,35-50
High,0.08,5.28,5.66,regular air,personel usage,processed meat,Smoked Salmon,Small Box,tamil nadu,tenkasi,south,India,2013-10-25,2013-10-26,-107.2,20,105.88,Adyar,25-34
High,0.06,19.98,4.0,regular air,restaurant chain,canned foods,Assorted Fruits,Small Box,karnataka,bijapur,south,India,2013-10-26,2013-10-27,190.52069999999998,15,297.87,T Nagar,18-24
High,0.05,5.78,7.96,regular air,restaurant chain,processed meat,Smoked Salmon,Small Box,karnataka,bijapur,south,India,2013-10-26,2013-10-26,-19.991999999999997,23,139.39,Velachery,35-50
Critical,0.03,113.64,35.0,regular air,restaurant chain,preserved food,Marmalade,Small Box,andhra pradesh,nellore,south,India,2013-10-27,2013-10-28,-530.68,11,1268.16,Adyar,25-34
High,0.02,18.97,9.54,regular air,restaurant chain,processed meat,Smoked Salmon,Small Box,tamil nadu,nagapattinam,south,India,2013-10-28,2013-10-30,80.832,23,458.34,Adyar,18-24
High,0.07,3.29,1.35,regular air,stand alone restaurants,processed meat,Tuna,Wrap Bag,kerala,kannur,south,India,2013-10-30,2013-10-30,-969.9480000000001,2,7.08,Anna Nagar,35-50
High,0.0001,15.73,7.42,express air,stand alone restaurants,processed meat,Pacific Squid,Small Pack,kerala,kannur,south,India,2013-10-30,2013-10-31,213.888,20,341.74,OMR,35-50
High,0.06,34.76,8.22,regular air,stand alone restaurants,processed meat,Fresh Water Eel,Small Box,kerala,kannur,south,India,2013-10-30,2013-11-01,-847.5236,5,175.65,T Nagar,35-50
High,0.04,3.75,7.5,regular air,personel usage,processed meat,Oysters (Clam),Small Box,andhra pradesh,rajampet,south,India,2013-11-02,2013-11-03,91.31520000000006,36,142.83,Velachery,25-34
Not Specified,0.01,65.99,8.99,regular air,hotels / hospitals,canned foods,Quail Eggs,Small Box,kerala,trichur,south,India,2013-11-02,2013-11-04,847.943712,29,1730.04,Tambaram,35-50
High,0.07,2.08,2.56,regular air,restaurant chain,processed meat,Pacific Squid,Small Pack,karnataka,tumkur,south,India,2013-11-12,2013-11-13,38.34032000000002,44,92.52,Adyar,25-34
High,0.01,140.99,13.99,regular air,restaurant chain,canned foods,Sliced Pineapple,Medium Box,andhra pradesh,nellore,south,India,2013-11-14,2013-11-14,4472.649,43,6482.1,Anna Nagar,35-50
Medium,0.04,70.89,89.3,delivery truck,hotels / hospitals,preserved food,Jams,Jumbo Box,tamil nadu,krishnagiri,south,India,2013-11-16,2013-11-17,85.45024000000004,3,246.2,OMR,50+
Low,0.1,146.05,80.2,delivery truck,hotels / hospitals,preserved food,Jams,Jumbo Box,kerala,kottayam,south,India,2013-11-18,2013-11-25,353.7721600000002,11,1591.71,Adyar,25-34
High,0.07,4.13,5.04,regular air,hotels / hospitals,processed meat,Bacon,Small Box,telangana,mahbubnagar,south,India,2013-11-20,2013-11-20,-2115.2397,39,166.35,Tambaram,25-34
Critical,0.05,262.11,62.74,delivery truck,restaurant chain,preserved food,Jams,Jumbo Box,tamil nadu,tiruchchirappalli,south,India,2013-11-21,2013-11-23,343.3924800000001,24,6031.88,OMR,25-34
High,0.01,2.88,0.99,regular air,personel usage,processed meat,Oysters (Clam),Small Box,tamil nadu,madurai,south,India,2013-11-26,2013-11-27,-146.2538,23,69.08,Velachery,35-50
High,0.04,10.14,2.27,regular air,personel usage,processed meat,Smoked Salmon,Wrap Bag,tamil nadu,madurai,south,India,2013-11-26,2013-11-27,-78.1242,4,42.77,Velachery,35-50
Not Specified,0.07,8.09,7.96,regular air,personel usage,preserved food,Marmalade,Small Box,tamil nadu,sivaganga,south,India,2013-11-26,2013-11-29,63.48448000000002,36,291.56,Adyar,18-24
Not Specified,0.03,20.99,1.25,regular air,personel usage,canned foods,Quail Eggs,Small Pack,tamil nadu,sivaganga,south,India,2013-11-26,2013-11-27,43.27171200000002,9,158.27,Velachery,25-34
Medium,0.07,160.98,30.0,delivery truck,personel usage,preserved food,Sundried Tomatoes,Jumbo Drum,kerala,kasaragod,south,India,2013-11-28,2013-11-30,747.55296,23,3538.77,T Nagar,25-34
Medium,0.0001,120.97,7.11,express air,personel usage,canned foods,Sliced Pineapple,Medium Box,kerala,kasaragod,south,India,2013-11-28,2013-11-30,2049.0101999999997,23,2969.58,Anna Nagar,35-50
High,0.0001,70.97,3.5,regular air,hotels / hospitals,processed meat,Jelly Fish,Small Box,kerala,pathanamthitta,south,India,2013-11-30,2013-12-02,30.22960000000002,3,212.91,Velachery,50+
High,0.08,37.94,5.08,regular air,hotels / hospitals,processed meat,Smoked Salmon,Wrap Bag,kerala,pathanamthitta,south,India,2013-11-30,2013-12-01,804.7262999999999,32,1166.27,Adyar,50+
High,0.08,3.81,5.44,regular air,hotels / hospitals,processed meat,Bacon,Small Box,telangana,nizamabad,south,India,2013-12-04,2013-12-06,-45.560424,18,65.89,Adyar,35-50
Critical,0.03,6.24,5.22,regular air,hotels / hospitals,preserved food,Marmalade,Small Box,telangana,nizamabad,south,India,2013-12-04,2013-12-04,-21.745919999999998,13,86.12,Anna Nagar,35-50
Critical,0.01,4.86,7.1,regular air,hotels / hospitals,preserved food,Marmalade,Small Box,telangana,nizamabad,south,India,2013-12-04,2013-12-06,-55.581119999999984,21,109.73,T Nagar,25-34
High,0.05,4.98,4.7,regular air,hotels / hospitals,processed meat,Smoked Salmon,Small Box,telangana,nizamabad,south,India,2013-12-04,2013-12-05,-22.19616,21,109.71,Velachery,25-34
Low,0.06,55.5,52.2,regular air,hotels / hospitals,preserved food,Marmalade,Medium Box,andhra pradesh,nandyal,south,India,2013-12-05,2013-12-05,-93.78431999999998,6,357.9,Anna Nagar,50+
Low,0.0001,227.55,32.48,delivery truck,hotels / hospitals,preserved food,Jams,Jumbo Box,andhra pradesh,nandyal,south,India,2013-12-05,2013-12-09,2807.2844800000003,24,5587.01,OMR,50+
High,0.09,3.69,0.5,regular air,hotels / hospitals,processed meat,Oysters (Clam),Small Box,kerala,palghat,south,India,2013-12-11,2013-12-12,37.3704,15,54.16,T Nagar,50+
High,0.06,65.99,8.99,regular air,hotels / hospitals,canned foods,Quail Eggs,Small Box,kerala,palghat,south,India,2013-12-11,2013-12-12,-85.606752,3,170.67,Adyar,50+
High,0.04,30.98,19.51,express air,stand alone restaurants,processed meat,Caviar,Small Box,tamil nadu,pollachi,south,India,2013-12-11,2013-12-18,-28.482719999999993,21,632.23,Nungambakkam,25-34
Critical,0.0001,140.98,36.09,delivery truck,personel usage,preserved food,Pickle,Jumbo Box,kerala,kottayam,south,India,2013-12-16,2013-12-17,-58.450559999999996,8,1214.76,T Nagar,35-50
High,0.09,45.98,4.8,regular air,stand alone restaurants,preserved food,Marmalade,Wrap Bag,andhra pradesh,hindupur,south,India,2013-12-18,2013-12-19,384.5508,13,557.32,Velachery,35-50
High,0.02,30.56,2.99,regular air,hotels / hospitals,processed meat,Bacon,Small Box,karnataka,mysore,south,India,2013-12-20,2013-12-23,114.36,9,272.23,T Nagar,50+
High,0.08,2.18,1.38,regular air,stand alone restaurants,processed meat,Tuna,Wrap Bag,andhra pradesh,rajampet,south,India,2013-12-21,2013-12-23,-3.4675199999999995,19,41.47,OMR,18-24
High,0.09,6.81,5.48,regular air,hotels / hospitals,processed meat,Bacon,Small Box,kerala,trivandrum,south,India,2013-12-24,2013-12-26,51.864,4,29.16,Adyar,35-50
High,0.04,2.61,0.5,regular air,restaurant chain,processed meat,Oysters (Clam),Small Box,kerala,pathanamthitta,south,India,2013-12-26,2013-12-28,33.023399999999995,19,47.86,Velachery,18-24
High,0.0001,5.81,3.37,regular air,stand alone restaurants,processed meat,Tuna,Wrap Bag,andhra pradesh,nellore,south,India,2013-12-26,2013-12-26,-12.00864,22,130.82,Adyar,35-50
High,0.07,3.95,5.13,regular air,hotels / hospitals,processed meat,Jelly Fish,Small Box,telangana,nizamabad,south,India,2013-12-29,2013-12-29,-55.41311999999999,23,91.34,Porur,35-50
