transaction_id,date,customer_id,gender,age,product_category,quantity,price_per_unit,total_amount,age_group,platform,top_content_genre,daily_screen_time_hrs,locality,impulse_buy_freq
1,2023-11-24,CUST001,male,34,beauty,3,50,150,25-34,youtube,reel,2.7,OMR,sometimes
2,2023-02-27,CUST002,female,26,clothing,2,500,1000,25-34,twitter,shorts,2.6,Tambaram,sometimes
3,2023-01-13,CUST003,male,50,electronics,1,30,30,35-50,twitter,reel,3.3,Anna Nagar,sometimes
4,2023-05-21,CUST004,male,37,clothing,1,500,500,35-50,twitter,shorts,2.0,OMR,rarely
5,2023-05-06,CUST005,male,30,beauty,2,50,100,25-34,instagram,live stream,2.7,Adyar,sometimes
6,2023-04-25,CUST006,female,45,beauty,1,30,30,35-50,youtube,shorts,3.0,Tambaram,sometimes
7,2023-03-13,CUST007,male,46,clothing,2,25,50,35-50,youtube,shorts,2.4,Porur,rarely
8,2023-02-22,CUST008,male,30,electronics,4,25,100,25-34,twitter,reel,3.9,T Nagar,sometimes
9,2023-12-13,CUST009,male,63,electronics,2,300,600,50+,twitter,video,1.1,OMR,rarely
10,2023-10-07,CUST010,female,52,clothing,4,50,200,50+,twitter,shorts,1.7,T Nagar,rarely
11,2023-02-14,CUST011,male,23,clothing,2,50,100,18-24,instagram,reel,3.1,Adyar,often
12,2023-10-30,CUST012,male,35,beauty,3,25,75,35-50,instagram,live stream,1.6,Anna Nagar,rarely
13,2023-08-05,CUST013,male,22,electronics,3,500,1500,18-24,youtube,reel,5.3,Anna Nagar,often
14,2023-01-17,CUST014,male,64,clothing,4,30,120,50+,youtube,reel,1.2,Velachery,rarely
15,2023-01-16,CUST015,female,42,electronics,4,500,2000,35-50,youtube,shorts,2.6,OMR,sometimes
16,2023-02-17,CUST016,male,19,clothing,3,500,1500,18-24,instagram,video,4.0,Anna Nagar,often
17,2023-04-22,CUST017,female,27,clothing,4,25,100,25-34,instagram,reel,2.9,OMR,sometimes
18,2023-04-30,CUST018,female,47,electronics,2,25,50,35-50,twitter,shorts,3.3,Velachery,sometimes
19,2023-09-16,CUST019,female,62,clothing,2,25,50,50+,youtube,video,1.0,T Nagar,rarely
20,2023-11-05,CUST020,male,22,clothing,3,300,900,18-24,instagram,reel,4.7,Tambaram,often
21,2023-01-14,CUST021,female,50,beauty,1,500,500,35-50,twitter,shorts,3.4,Anna Nagar,sometimes
22,2023-10-15,CUST022,male,18,clothing,2,50,100,18-24,instagram,reel,4.4,Velachery,often
23,2023-04-12,CUST023,female,35,clothing,4,30,120,35-50,youtube,video,3.4,OMR,sometimes
24,2023-11-29,CUST024,female,49,clothing,1,300,300,35-50,youtube,video,1.6,Anna Nagar,rarely
25,2023-12-26,CUST025,female,64,beauty,1,50,50,50+,youtube,live stream,1.6,T Nagar,rarely
26,2023-10-07,CUST026,female,28,electronics,2,500,1000,25-34,twitter,video,2.7,Velachery,sometimes
27,2023-08-03,CUST027,female,38,beauty,2,25,50,35-50,youtube,live stream,3.0,Nungambakkam,sometimes
28,2023-04-23,CUST028,female,43,beauty,1,500,500,35-50,twitter,live stream,3.5,OMR,sometimes
29,2023-08-18,CUST029,female,42,electronics,1,30,30,35-50,twitter,video,2.0,OMR,rarely
30,2023-10-29,CUST030,female,39,beauty,3,300,900,35-50,youtube,live stream,2.8,OMR,sometimes
31,2023-05-23,CUST031,male,44,electronics,4,300,1200,35-50,twitter,video,1.9,T Nagar,rarely
32,2023-01-04,CUST032,male,30,beauty,3,30,90,25-34,instagram,shorts,3.4,Velachery,sometimes
33,2023-03-23,CUST033,female,50,electronics,2,50,100,35-50,youtube,video,2.4,Tambaram,rarely
34,2023-12-24,CUST034,female,51,clothing,3,50,150,50+,instagram,reel,2.5,T Nagar,sometimes
35,2023-08-05,CUST035,female,58,beauty,3,300,900,50+,instagram,reel,1.9,Anna Nagar,rarely
36,2023-06-24,CUST036,male,52,beauty,3,300,900,50+,instagram,shorts,1.5,Anna Nagar,rarely
37,2023-05-23,CUST037,female,18,beauty,3,25,75,18-24,instagram,reel,3.3,Velachery,often
38,2023-03-21,CUST038,male,38,beauty,4,50,200,35-50,youtube,shorts,1.8,Nungambakkam,rarely
39,2023-04-21,CUST039,male,23,clothing,4,30,120,18-24,tiktok,reel,3.6,T Nagar,often
40,2023-06-22,CUST040,male,45,beauty,1,50,50,35-50,twitter,reel,2.0,Adyar,rarely
41,2023-02-22,CUST041,male,34,clothing,2,25,50,25-34,instagram,shorts,4.1,T Nagar,often
42,2023-02-17,CUST042,male,22,clothing,3,300,900,18-24,tiktok,shorts,4.4,Nungambakkam,often
43,2023-07-14,CUST043,female,48,clothing,1,300,300,35-50,youtube,reel,2.5,T Nagar,sometimes
44,2023-02-19,CUST044,female,22,clothing,1,25,25,18-24,youtube,shorts,3.3,Velachery,often
45,2023-07-03,CUST045,female,55,electronics,1,30,30,50+,youtube,reel,2.3,OMR,rarely
46,2023-06-26,CUST046,female,20,electronics,4,300,1200,18-24,tiktok,shorts,4.8,OMR,often
47,2023-11-06,CUST047,female,40,beauty,3,500,1500,35-50,youtube,reel,1.6,Velachery,rarely
48,2023-05-16,CUST048,male,54,electronics,3,300,900,50+,twitter,video,2.1,Anna Nagar,rarely
49,2023-01-23,CUST049,female,54,electronics,2,500,1000,50+,twitter,reel,1.8,Velachery,rarely
50,2023-08-24,CUST050,female,27,beauty,3,25,75,25-34,instagram,reel,2.2,Anna Nagar,sometimes
51,2023-10-02,CUST051,male,27,beauty,3,25,75,25-34,twitter,live stream,3.1,Anna Nagar,sometimes
52,2023-03-05,CUST052,female,36,beauty,1,300,300,35-50,instagram,shorts,2.5,Velachery,sometimes
53,2023-07-13,CUST053,male,34,electronics,2,50,100,25-34,twitter,reel,2.4,Anna Nagar,sometimes
54,2023-02-10,CUST054,female,38,electronics,3,500,1500,35-50,instagram,shorts,3.4,Anna Nagar,sometimes
55,2023-10-10,CUST055,male,31,beauty,4,30,120,25-34,youtube,live stream,4.1,OMR,often
56,2023-05-31,CUST056,female,26,clothing,3,300,900,25-34,twitter,reel,3.7,Nungambakkam,sometimes
57,2023-11-18,CUST057,female,63,beauty,1,30,30,50+,youtube,live stream,1.7,Adyar,rarely
58,2023-11-13,CUST058,male,18,clothing,4,300,1200,18-24,instagram,reel,4.0,T Nagar,often
59,2023-07-05,CUST059,male,62,clothing,1,50,50,50+,youtube,shorts,2.0,T Nagar,rarely
60,2023-10-23,CUST060,male,30,beauty,3,50,150,25-34,instagram,shorts,3.4,Nungambakkam,sometimes
61,2023-04-09,CUST061,male,21,beauty,4,50,200,18-24,instagram,live stream,3.2,Anna Nagar,often
62,2023-12-27,CUST062,male,18,beauty,2,50,100,18-24,instagram,live stream,4.3,T Nagar,often
63,2023-02-05,CUST063,male,57,electronics,2,25,50,50+,instagram,shorts,2.2,Adyar,rarely
64,2023-01-24,CUST064,male,49,clothing,4,25,100,35-50,youtube,reel,2.4,OMR,rarely
65,2023-12-05,CUST065,male,51,electronics,4,500,2000,50+,youtube,video,1.1,OMR,rarely
66,2023-04-27,CUST066,female,45,electronics,1,30,30,35-50,twitter,shorts,3.1,Anna Nagar,sometimes
67,2023-05-29,CUST067,female,48,beauty,4,300,1200,35-50,youtube,reel,1.9,T Nagar,rarely
68,2023-02-10,CUST068,male,25,electronics,1,300,300,25-34,twitter,video,2.6,Nungambakkam,sometimes
69,2023-04-30,CUST069,female,56,beauty,3,25,75,50+,youtube,reel,1.2,Anna Nagar,rarely
70,2023-02-21,CUST070,female,43,clothing,1,300,300,35-50,instagram,reel,2.2,OMR,rarely
71,2023-07-14,CUST071,female,51,beauty,4,25,100,50+,twitter,reel,2.1,OMR,rarely
72,2023-05-23,CUST072,female,20,electronics,4,500,2000,18-24,instagram,video,4.3,Adyar,often
73,2023-08-21,CUST073,male,29,electronics,3,30,90,25-34,instagram,video,2.5,Anna Nagar,sometimes
74,2023-11-22,CUST074,female,18,beauty,4,500,2000,18-24,youtube,reel,5.2,Anna Nagar,often
75,2023-07-06,CUST075,male,61,beauty,4,50,200,50+,twitter,live stream,2.3,Adyar,rarely
76,2023-03-25,CUST076,female,22,electronics,2,50,100,18-24,tiktok,video,5.2,Porur,often
77,2023-07-09,CUST077,female,47,clothing,2,50,100,35-50,instagram,reel,2.0,Nungambakkam,rarely
78,2023-07-01,CUST078,female,47,clothing,3,500,1500,35-50,youtube,shorts,2.4,T Nagar,rarely
79,2023-04-18,CUST079,male,34,beauty,1,300,300,25-34,youtube,reel,4.5,T Nagar,often
80,2023-12-10,CUST080,female,64,clothing,2,30,60,50+,youtube,video,2.2,Nungambakkam,rarely
81,2023-05-17,CUST081,male,40,electronics,1,50,50,35-50,instagram,shorts,1.6,OMR,rarely
82,2023-12-26,CUST082,female,32,beauty,4,50,200,25-34,youtube,reel,2.2,Porur,sometimes
83,2023-12-16,CUST083,male,54,electronics,2,50,100,50+,youtube,video,1.7,Anna Nagar,rarely
84,2023-11-28,CUST084,female,38,electronics,3,30,90,35-50,youtube,reel,3.3,Adyar,sometimes
85,2023-02-06,CUST085,male,31,clothing,3,50,150,25-34,instagram,video,3.3,OMR,sometimes
86,2023-11-08,CUST086,male,19,beauty,3,30,90,18-24,instagram,shorts,4.2,OMR,often
87,2023-11-22,CUST087,female,28,beauty,2,50,100,25-34,twitter,shorts,2.3,Velachery,sometimes
88,2023-03-29,CUST088,male,56,clothing,1,500,500,50+,twitter,reel,2.0,T Nagar,rarely
89,2023-10-01,CUST089,female,55,electronics,4,500,2000,50+,instagram,reel,2.2,Adyar,rarely
90,2023-05-06,CUST090,female,51,electronics,1,30,30,50+,youtube,video,1.6,Anna Nagar,rarely
91,2023-03-25,CUST091,female,55,electronics,1,500,500,50+,youtube,reel,2.2,Velachery,rarely
92,2023-08-25,CUST092,female,51,electronics,4,30,120,50+,twitter,shorts,2.4,Nungambakkam,rarely
93,2023-07-14,CUST093,female,35,beauty,4,500,2000,35-50,instagram,shorts,1.9,Velachery,rarely
94,2023-05-19,CUST094,female,47,beauty,2,500,1000,35-50,twitter,shorts,2.5,Tambaram,sometimes
95,2023-11-24,CUST095,female,32,clothing,2,30,60,25-34,twitter,reel,2.7,T Nagar,sometimes
96,2023-12-19,CUST096,female,44,clothing,2,300,600,35-50,twitter,reel,3.1,OMR,sometimes
97,2023-10-13,CUST097,female,51,beauty,2,500,1000,50+,twitter,reel,1.9,Nungambakkam,rarely
98,2023-04-23,CUST098,female,55,beauty,2,50,100,50+,youtube,reel,2.0,T Nagar,rarely
99,2023-12-17,CUST099,female,50,electronics,4,300,1200,35-50,youtube,shorts,3.1,T Nagar,sometimes
100,2023-06-16,CUST100,male,41,electronics,1,30,30,35-50,youtube,video,2.3,Velachery,rarely
101,2023-01-29,CUST101,male,32,clothing,2,300,600,25-34,instagram,reel,4.3,T Nagar,often
102,2023-04-28,CUST102,female,47,beauty,2,25,50,35-50,twitter,live stream,2.6,OMR,sometimes
103,2023-01-17,CUST103,female,59,clothing,1,25,25,50+,youtube,video,1.2,Porur,rarely
104,2023-06-11,CUST104,female,34,beauty,2,500,1000,25-34,youtube,live stream,3.7,Velachery,sometimes
105,2023-07-25,CUST105,female,22,electronics,1,500,500,18-24,youtube,reel,5.0,Anna Nagar,often
106,2023-05-18,CUST106,female,46,clothing,1,50,50,35-50,youtube,reel,2.1,Velachery,rarely
107,2023-02-03,CUST107,female,21,clothing,4,300,1200,18-24,tiktok,reel,5.1,OMR,often
108,2023-04-19,CUST108,female,27,beauty,3,25,75,25-34,twitter,live stream,4.3,T Nagar,often
109,2023-10-18,CUST109,female,34,electronics,4,500,2000,25-34,instagram,shorts,2.7,Adyar,sometimes
110,2023-06-11,CUST110,male,27,clothing,3,300,900,25-34,instagram,reel,4.5,Adyar,often
111,2023-04-19,CUST111,female,34,electronics,3,500,1500,25-34,instagram,reel,2.4,OMR,sometimes
112,2023-12-02,CUST112,male,37,clothing,3,500,1500,35-50,youtube,reel,1.9,Anna Nagar,rarely
113,2023-09-13,CUST113,female,41,electronics,2,25,50,35-50,instagram,video,1.9,OMR,rarely
114,2023-07-22,CUST114,female,22,beauty,4,25,100,18-24,youtube,shorts,5.2,T Nagar,often
115,2023-11-26,CUST115,male,51,clothing,3,500,1500,50+,twitter,shorts,2.0,T Nagar,rarely
116,2023-08-23,CUST116,female,23,clothing,1,30,30,18-24,youtube,shorts,3.4,Porur,often
117,2023-03-15,CUST117,male,19,electronics,2,500,1000,18-24,youtube,video,4.1,OMR,often
118,2023-05-16,CUST118,female,30,electronics,4,500,2000,25-34,instagram,reel,3.5,T Nagar,sometimes
119,2023-03-13,CUST119,female,60,clothing,3,50,150,50+,instagram,reel,1.1,Anna Nagar,rarely
120,2023-05-07,CUST120,male,60,beauty,1,50,50,50+,twitter,reel,2.3,Anna Nagar,rarely
121,2023-10-15,CUST121,female,28,electronics,4,50,200,25-34,twitter,reel,4.0,Anna Nagar,often
122,2023-10-03,CUST122,male,64,electronics,4,30,120,50+,instagram,reel,1.8,Anna Nagar,rarely
123,2023-05-15,CUST123,female,40,electronics,2,30,60,35-50,youtube,reel,3.4,T Nagar,sometimes
124,2023-10-27,CUST124,male,33,clothing,4,500,2000,25-34,instagram,video,3.0,Velachery,sometimes
125,2023-08-08,CUST125,male,48,clothing,2,50,100,35-50,youtube,shorts,3.5,OMR,sometimes
126,2023-10-26,CUST126,female,28,clothing,3,30,90,25-34,youtube,shorts,3.7,Adyar,sometimes
127,2023-07-24,CUST127,female,33,clothing,2,25,50,25-34,twitter,reel,3.6,OMR,sometimes
128,2023-07-05,CUST128,male,25,beauty,1,500,500,25-34,twitter,reel,2.4,T Nagar,sometimes
129,2023-04-23,CUST129,female,21,beauty,2,300,600,18-24,instagram,reel,5.2,Nungambakkam,often
130,2023-03-12,CUST130,female,57,clothing,1,500,500,50+,twitter,reel,1.6,Tambaram,rarely
131,2023-09-18,CUST131,female,21,beauty,2,300,600,18-24,tiktok,shorts,3.4,Tambaram,often
132,2023-09-10,CUST132,male,42,electronics,4,50,200,35-50,youtube,video,1.5,Tambaram,rarely
133,2023-02-16,CUST133,male,20,electronics,3,300,900,18-24,instagram,video,4.4,Nungambakkam,often
134,2023-01-25,CUST134,male,49,electronics,1,50,50,35-50,youtube,video,2.6,Adyar,sometimes
135,2023-02-26,CUST135,male,20,clothing,2,25,50,18-24,youtube,shorts,4.8,Anna Nagar,often
136,2023-03-20,CUST136,male,44,electronics,2,300,600,35-50,youtube,video,3.3,Adyar,sometimes
137,2023-11-18,CUST137,male,46,beauty,2,500,1000,35-50,twitter,live stream,1.7,OMR,rarely
138,2023-03-23,CUST138,male,49,clothing,4,50,200,35-50,twitter,shorts,3.0,OMR,sometimes
139,2023-12-15,CUST139,male,36,beauty,4,500,2000,35-50,youtube,shorts,1.9,Adyar,rarely
140,2023-08-05,CUST140,male,38,electronics,1,30,30,35-50,instagram,shorts,3.2,T Nagar,sometimes
141,2023-11-02,CUST141,female,22,electronics,1,50,50,18-24,youtube,reel,5.0,Velachery,often
142,2023-02-02,CUST142,male,35,electronics,4,300,1200,35-50,youtube,video,2.6,Porur,sometimes
143,2023-07-17,CUST143,female,45,clothing,1,50,50,35-50,twitter,shorts,2.9,Adyar,sometimes
144,2023-07-15,CUST144,female,59,beauty,3,500,1500,50+,youtube,shorts,1.5,Adyar,rarely
145,2023-11-02,CUST145,female,39,clothing,3,25,75,35-50,youtube,reel,2.4,Anna Nagar,rarely
146,2023-08-28,CUST146,male,38,clothing,4,50,200,35-50,youtube,video,3.1,Velachery,sometimes
147,2023-09-28,CUST147,male,23,electronics,1,300,300,18-24,tiktok,shorts,4.1,Porur,often
148,2023-05-09,CUST148,male,18,clothing,2,30,60,18-24,tiktok,shorts,3.9,OMR,often
149,2023-10-11,CUST149,male,22,clothing,3,25,75,18-24,instagram,video,4.2,Tambaram,often
150,2023-01-06,CUST150,female,58,electronics,4,30,120,50+,youtube,reel,2.2,Velachery,rarely
151,2023-12-15,CUST151,male,29,clothing,1,50,50,25-34,twitter,shorts,2.8,OMR,sometimes
152,2023-02-28,CUST152,male,43,electronics,4,500,2000,35-50,youtube,reel,1.8,Anna Nagar,rarely
153,2023-12-16,CUST153,male,63,electronics,2,500,1000,50+,youtube,shorts,2.1,OMR,rarely
154,2023-10-02,CUST154,male,51,electronics,3,300,900,50+,youtube,shorts,2.2,Velachery,rarely
155,2023-05-17,CUST155,male,31,electronics,4,500,2000,25-34,twitter,shorts,2.3,Velachery,sometimes
156,2023-11-25,CUST156,female,43,clothing,4,25,100,35-50,youtube,shorts,2.0,OMR,rarely
157,2023-06-24,CUST157,male,62,electronics,4,500,2000,50+,twitter,video,1.2,Nungambakkam,rarely
158,2023-02-27,CUST158,female,44,electronics,2,300,600,35-50,instagram,reel,2.2,T Nagar,rarely
159,2023-05-31,CUST159,male,26,clothing,4,50,200,25-34,instagram,video,3.1,Tambaram,sometimes
160,2023-08-11,CUST160,female,43,clothing,2,50,100,35-50,twitter,reel,3.0,Anna Nagar,sometimes
161,2023-03-22,CUST161,male,64,beauty,2,500,1000,50+,youtube,live stream,2.0,Velachery,rarely
162,2023-08-21,CUST162,male,39,clothing,2,30,60,35-50,twitter,reel,2.7,T Nagar,sometimes
163,2023-01-02,CUST163,female,64,clothing,3,50,150,50+,twitter,reel,1.5,Anna Nagar,rarely
164,2023-05-15,CUST164,female,47,beauty,3,500,1500,35-50,twitter,shorts,3.2,Adyar,sometimes
165,2023-09-14,CUST165,female,60,clothing,4,300,1200,50+,youtube,reel,1.7,T Nagar,rarely
166,2023-04-02,CUST166,male,34,clothing,4,500,2000,25-34,twitter,video,4.4,Velachery,often
167,2023-09-17,CUST167,female,43,clothing,3,50,150,35-50,youtube,video,2.8,Porur,sometimes
168,2023-02-24,CUST168,male,53,clothing,1,300,300,50+,youtube,shorts,1.2,T Nagar,rarely
169,2023-11-17,CUST169,male,18,beauty,3,500,1500,18-24,instagram,reel,4.7,Tambaram,often
170,2023-06-02,CUST170,female,25,clothing,2,25,50,25-34,youtube,reel,2.8,Velachery,sometimes
171,2023-11-24,CUST171,female,52,clothing,3,300,900,50+,twitter,shorts,2.0,OMR,rarely
172,2023-09-17,CUST172,male,32,beauty,2,25,50,25-34,instagram,live stream,2.2,Anna Nagar,sometimes
173,2023-11-08,CUST173,male,64,electronics,4,30,120,50+,twitter,shorts,1.3,T Nagar,rarely
174,2023-04-12,CUST174,female,39,beauty,1,300,300,35-50,youtube,reel,3.2,T Nagar,sometimes
175,2023-03-20,CUST175,female,31,electronics,4,25,100,25-34,youtube,shorts,2.6,T Nagar,sometimes
176,2023-07-11,CUST176,female,43,beauty,2,50,100,35-50,youtube,shorts,3.2,T Nagar,sometimes
177,2023-03-24,CUST177,male,45,beauty,2,50,100,35-50,twitter,live stream,2.1,OMR,rarely
178,2023-10-04,CUST178,male,40,clothing,2,30,60,35-50,youtube,reel,2.8,Porur,sometimes
179,2023-09-29,CUST179,male,31,electronics,1,300,300,25-34,twitter,shorts,3.7,Tambaram,sometimes
180,2023-01-01,CUST180,male,41,clothing,3,300,900,35-50,youtube,shorts,2.5,OMR,sometimes
181,2023-11-03,CUST181,male,19,electronics,4,300,1200,18-24,instagram,reel,3.8,T Nagar,often
182,2023-06-15,CUST182,male,62,beauty,4,30,120,50+,youtube,reel,1.3,Anna Nagar,rarely
183,2023-09-08,CUST183,female,43,beauty,3,300,900,35-50,instagram,shorts,1.6,Anna Nagar,rarely
184,2023-01-10,CUST184,male,31,electronics,4,50,200,25-34,twitter,reel,2.8,Anna Nagar,sometimes
185,2023-02-27,CUST185,male,24,clothing,1,25,25,18-24,instagram,reel,4.6,Adyar,often
186,2023-07-05,CUST186,male,20,clothing,4,50,200,18-24,tiktok,video,5.3,Adyar,often
187,2023-06-07,CUST187,female,64,clothing,2,50,100,50+,instagram,shorts,2.3,Velachery,rarely
188,2023-05-03,CUST188,male,40,clothing,3,25,75,35-50,twitter,reel,3.0,Velachery,sometimes
189,2023-01-30,CUST189,male,63,beauty,1,50,50,50+,twitter,reel,2.2,Tambaram,rarely
190,2023-05-04,CUST190,female,60,beauty,3,30,90,50+,youtube,shorts,2.0,Tambaram,rarely
191,2023-10-18,CUST191,male,64,beauty,1,25,25,50+,youtube,reel,1.4,Anna Nagar,rarely
192,2023-02-10,CUST192,male,62,beauty,2,50,100,50+,instagram,shorts,2.4,Porur,rarely
193,2023-02-13,CUST193,male,35,beauty,3,500,1500,35-50,instagram,reel,2.8,Nungambakkam,sometimes
194,2023-09-06,CUST194,male,55,clothing,4,50,200,50+,twitter,shorts,1.8,Anna Nagar,rarely
195,2023-02-05,CUST195,male,52,clothing,1,30,30,50+,youtube,reel,1.2,Velachery,rarely
196,2023-09-30,CUST196,female,32,clothing,3,300,900,25-34,instagram,video,3.1,Adyar,sometimes
197,2023-03-06,CUST197,female,42,clothing,4,50,200,35-50,twitter,video,2.4,Nungambakkam,rarely
198,2023-03-07,CUST198,female,54,beauty,3,300,900,50+,instagram,live stream,2.3,Porur,rarely
199,2023-12-04,CUST199,male,45,beauty,3,500,1500,35-50,instagram,shorts,2.6,T Nagar,sometimes
200,2023-09-01,CUST200,male,27,beauty,3,50,150,25-34,twitter,reel,3.0,Velachery,sometimes
201,2023-10-09,CUST201,male,56,electronics,1,25,25,50+,twitter,shorts,2.5,Adyar,sometimes
202,2023-03-26,CUST202,female,34,clothing,4,300,1200,25-34,instagram,reel,2.3,Adyar,sometimes
203,2023-05-16,CUST203,male,56,clothing,2,500,1000,50+,youtube,reel,1.6,T Nagar,rarely
204,2023-09-28,CUST204,male,39,beauty,1,25,25,35-50,instagram,reel,1.6,Porur,rarely
205,2023-11-07,CUST205,female,43,clothing,1,25,25,35-50,twitter,shorts,3.0,OMR,sometimes
206,2023-08-05,CUST206,male,61,clothing,1,25,25,50+,youtube,shorts,2.4,Tambaram,rarely
207,2023-04-19,CUST207,female,42,beauty,2,25,50,35-50,youtube,shorts,2.1,Porur,rarely
208,2023-10-04,CUST208,female,34,electronics,4,50,200,25-34,youtube,video,4.1,OMR,often
209,2023-12-20,CUST209,female,30,electronics,4,50,200,25-34,instagram,video,2.7,Velachery,sometimes
210,2023-04-13,CUST210,male,37,electronics,4,50,200,35-50,youtube,reel,3.3,Adyar,sometimes
211,2024-01-01,CUST211,male,42,beauty,3,500,1500,35-50,twitter,reel,3.0,T Nagar,sometimes
212,2023-06-09,CUST212,male,21,clothing,3,500,1500,18-24,tiktok,shorts,5.0,OMR,often
213,2023-07-24,CUST213,male,27,beauty,3,500,1500,25-34,youtube,reel,2.0,T Nagar,sometimes
214,2023-12-10,CUST214,male,20,beauty,2,30,60,18-24,instagram,live stream,5.4,OMR,often
215,2023-11-29,CUST215,male,58,clothing,3,500,1500,50+,twitter,shorts,2.1,Anna Nagar,rarely
216,2023-07-11,CUST216,male,62,electronics,2,50,100,50+,youtube,video,1.5,T Nagar,rarely
217,2023-08-13,CUST217,female,35,electronics,4,50,200,35-50,youtube,video,3.2,T Nagar,sometimes
218,2023-09-22,CUST218,male,64,beauty,3,30,90,50+,twitter,shorts,1.4,T Nagar,rarely
219,2023-08-20,CUST219,female,53,electronics,3,30,90,50+,twitter,shorts,2.3,OMR,rarely
220,2023-03-03,CUST220,male,64,beauty,1,500,500,50+,instagram,reel,1.2,OMR,rarely
221,2023-05-07,CUST221,male,39,beauty,2,300,600,35-50,twitter,live stream,2.9,Adyar,sometimes
222,2023-04-26,CUST222,male,51,clothing,4,30,120,50+,twitter,reel,1.8,T Nagar,rarely
223,2023-02-02,CUST223,female,64,clothing,1,25,25,50+,youtube,reel,1.1,T Nagar,rarely
224,2023-06-23,CUST224,female,25,clothing,1,50,50,25-34,youtube,video,2.6,T Nagar,sometimes
225,2023-01-11,CUST225,female,57,beauty,4,25,100,50+,youtube,reel,1.0,T Nagar,rarely
226,2023-10-29,CUST226,female,61,clothing,1,50,50,50+,youtube,shorts,1.7,Porur,rarely
227,2023-10-11,CUST227,male,36,electronics,2,50,100,35-50,instagram,video,2.1,Anna Nagar,rarely
228,2023-04-28,CUST228,female,59,electronics,2,30,60,50+,youtube,video,1.9,Velachery,rarely
229,2023-10-29,CUST229,male,58,beauty,3,30,90,50+,instagram,live stream,1.4,T Nagar,rarely
230,2023-04-23,CUST230,male,54,beauty,1,25,25,50+,twitter,reel,1.4,Anna Nagar,rarely
231,2023-01-04,CUST231,female,23,clothing,3,50,150,18-24,youtube,video,4.9,Adyar,often
232,2023-02-06,CUST232,female,43,beauty,1,25,25,35-50,twitter,reel,1.6,Adyar,rarely
233,2023-12-29,CUST233,female,51,beauty,2,300,600,50+,twitter,reel,2.4,Anna Nagar,rarely
234,2023-11-20,CUST234,female,62,electronics,2,25,50,50+,youtube,video,2.3,T Nagar,rarely
235,2023-01-31,CUST235,female,23,electronics,2,500,1000,18-24,instagram,shorts,4.7,Velachery,often
236,2023-04-28,CUST236,female,54,clothing,1,25,25,50+,twitter,reel,1.9,Anna Nagar,rarely
237,2023-02-04,CUST237,female,50,beauty,2,500,1000,35-50,youtube,live stream,3.3,Anna Nagar,sometimes
238,2023-01-17,CUST238,female,39,beauty,1,500,500,35-50,youtube,shorts,1.9,Nungambakkam,rarely
239,2023-06-19,CUST239,male,38,electronics,3,500,1500,35-50,twitter,reel,1.7,Adyar,rarely
240,2023-02-06,CUST240,female,23,beauty,1,300,300,18-24,instagram,reel,3.6,Adyar,often
241,2023-09-21,CUST241,female,23,electronics,3,25,75,18-24,youtube,reel,5.0,Velachery,often
242,2023-05-02,CUST242,male,21,clothing,1,25,25,18-24,youtube,shorts,3.1,Velachery,often
243,2023-05-23,CUST243,female,47,electronics,3,300,900,35-50,instagram,shorts,2.7,Adyar,sometimes
244,2023-12-09,CUST244,male,28,beauty,2,50,100,25-34,youtube,live stream,4.5,OMR,often
245,2023-09-06,CUST245,male,47,clothing,3,30,90,35-50,youtube,shorts,3.2,OMR,sometimes
246,2023-04-20,CUST246,female,48,electronics,2,25,50,35-50,instagram,shorts,2.5,T Nagar,sometimes
247,2023-10-04,CUST247,male,41,electronics,2,30,60,35-50,twitter,video,1.6,Adyar,rarely
248,2023-03-09,CUST248,male,26,clothing,3,300,900,25-34,twitter,reel,4.1,Velachery,often
249,2023-10-20,CUST249,male,20,clothing,1,50,50,18-24,youtube,video,4.5,Porur,often
250,2023-10-23,CUST250,male,48,electronics,1,50,50,35-50,instagram,shorts,1.7,OMR,rarely
251,2023-08-31,CUST251,female,57,beauty,4,50,200,50+,youtube,live stream,1.1,Adyar,rarely
252,2023-05-05,CUST252,male,54,electronics,1,300,300,50+,youtube,video,2.4,T Nagar,rarely
253,2023-08-31,CUST253,female,53,clothing,4,500,2000,50+,instagram,reel,2.0,Adyar,rarely
254,2023-07-28,CUST254,male,41,electronics,1,500,500,35-50,youtube,video,3.2,T Nagar,sometimes
255,2023-04-08,CUST255,male,48,clothing,1,30,30,35-50,youtube,shorts,3.3,Anna Nagar,sometimes
256,2023-02-18,CUST256,male,23,clothing,2,500,1000,18-24,tiktok,reel,4.4,T Nagar,often
257,2023-02-19,CUST257,male,19,beauty,4,500,2000,18-24,youtube,reel,4.3,OMR,often
258,2023-12-04,CUST258,female,37,clothing,1,50,50,35-50,twitter,shorts,2.4,Anna Nagar,rarely
259,2023-08-09,CUST259,female,45,clothing,4,50,200,35-50,twitter,reel,2.1,Velachery,rarely
260,2023-07-01,CUST260,male,28,beauty,2,30,60,25-34,instagram,shorts,3.1,Porur,sometimes
261,2023-08-05,CUST261,male,21,clothing,2,25,50,18-24,tiktok,reel,4.9,Anna Nagar,often
262,2023-07-30,CUST262,female,32,beauty,4,30,120,25-34,twitter,live stream,3.5,Adyar,sometimes
263,2023-08-28,CUST263,male,23,beauty,2,30,60,18-24,instagram,reel,5.2,Velachery,often
264,2023-01-28,CUST264,male,47,clothing,3,300,900,35-50,twitter,shorts,2.4,T Nagar,rarely
265,2023-12-11,CUST265,male,55,clothing,3,300,900,50+,instagram,reel,1.9,Tambaram,rarely
266,2023-12-01,CUST266,female,19,electronics,2,30,60,18-24,tiktok,video,4.6,T Nagar,often
267,2023-11-27,CUST267,female,32,beauty,3,30,90,25-34,youtube,reel,3.5,Velachery,sometimes
268,2023-02-20,CUST268,female,28,electronics,1,30,30,25-34,twitter,video,3.8,Adyar,sometimes
269,2023-02-01,CUST269,male,25,clothing,4,500,2000,25-34,youtube,shorts,2.6,OMR,sometimes
270,2023-07-26,CUST270,male,43,electronics,1,300,300,35-50,youtube,video,2.5,OMR,sometimes
271,2023-06-23,CUST271,female,62,beauty,4,30,120,50+,instagram,shorts,1.2,Anna Nagar,rarely
272,2023-02-25,CUST272,female,61,electronics,2,50,100,50+,instagram,reel,1.6,T Nagar,rarely
273,2023-05-08,CUST273,female,22,beauty,1,50,50,18-24,youtube,live stream,4.2,OMR,often
274,2023-04-09,CUST274,female,23,clothing,2,500,1000,18-24,youtube,reel,4.6,Adyar,often
275,2023-04-08,CUST275,male,43,clothing,2,500,1000,35-50,twitter,shorts,3.4,Tambaram,sometimes
276,2023-10-02,CUST276,female,21,beauty,4,25,100,18-24,tiktok,reel,4.5,Tambaram,often
277,2023-08-18,CUST277,male,36,clothing,4,25,100,35-50,instagram,reel,3.0,Tambaram,sometimes
278,2023-03-13,CUST278,female,37,clothing,4,25,100,35-50,twitter,video,2.5,Velachery,sometimes
279,2023-08-05,CUST279,male,50,clothing,1,500,500,35-50,twitter,reel,2.8,Anna Nagar,sometimes
280,2023-04-04,CUST280,female,37,clothing,3,500,1500,35-50,instagram,shorts,1.6,Tambaram,rarely
281,2023-05-23,CUST281,female,29,beauty,4,500,2000,25-34,twitter,shorts,2.6,Velachery,sometimes
282,2023-08-25,CUST282,female,64,electronics,4,50,200,50+,youtube,shorts,1.5,T Nagar,rarely
283,2023-05-08,CUST283,female,18,electronics,1,500,500,18-24,instagram,shorts,4.2,Porur,often
284,2023-02-08,CUST284,male,43,clothing,4,50,200,35-50,youtube,reel,1.6,Porur,rarely
285,2023-08-15,CUST285,female,31,electronics,1,25,25,25-34,youtube,video,2.4,Velachery,sometimes
286,2023-10-09,CUST286,male,55,electronics,2,25,50,50+,youtube,shorts,1.4,T Nagar,rarely
287,2023-02-20,CUST287,male,54,clothing,4,25,100,50+,youtube,reel,2.5,Velachery,sometimes
288,2023-01-26,CUST288,male,28,clothing,4,30,120,25-34,youtube,reel,2.8,Tambaram,sometimes
289,2023-11-30,CUST289,male,53,electronics,2,30,60,50+,youtube,video,1.7,Porur,rarely
290,2023-10-04,CUST290,female,30,beauty,2,300,600,25-34,youtube,reel,2.5,Anna Nagar,sometimes
291,2023-01-08,CUST291,male,60,clothing,2,300,600,50+,youtube,reel,1.9,T Nagar,rarely
292,2023-02-17,CUST292,male,20,beauty,4,300,1200,18-24,instagram,reel,3.7,Porur,often
293,2023-05-02,CUST293,male,50,electronics,3,30,90,35-50,instagram,shorts,1.9,Velachery,rarely
294,2023-03-27,CUST294,female,23,clothing,3,30,90,18-24,instagram,shorts,4.3,Adyar,often
295,2023-07-28,CUST295,female,27,beauty,3,300,900,25-34,instagram,live stream,2.0,Nungambakkam,sometimes
296,2023-09-06,CUST296,female,22,clothing,4,300,1200,18-24,tiktok,reel,3.0,T Nagar,often
297,2023-09-04,CUST297,female,40,electronics,2,500,1000,35-50,instagram,video,1.9,OMR,rarely
298,2023-04-20,CUST298,male,27,beauty,4,300,1200,25-34,instagram,reel,2.1,T Nagar,sometimes
299,2023-07-25,CUST299,male,61,electronics,2,500,1000,50+,twitter,shorts,1.2,Velachery,rarely
300,2023-01-31,CUST300,female,19,electronics,4,50,200,18-24,instagram,shorts,3.8,Tambaram,often
301,2023-03-26,CUST301,male,30,clothing,4,30,120,25-34,instagram,reel,4.0,Velachery,often
302,2023-07-14,CUST302,male,57,beauty,2,300,600,50+,twitter,live stream,1.9,Nungambakkam,rarely
303,2023-01-02,CUST303,male,19,electronics,3,30,90,18-24,tiktok,video,4.3,Adyar,often
304,2023-07-19,CUST304,female,37,electronics,2,30,60,35-50,twitter,shorts,2.1,Anna Nagar,rarely
305,2023-05-16,CUST305,female,18,beauty,1,30,30,18-24,tiktok,shorts,5.3,Anna Nagar,often
306,2023-08-21,CUST306,male,54,electronics,1,50,50,50+,instagram,reel,1.6,Velachery,rarely
307,2023-05-27,CUST307,female,26,electronics,2,25,50,25-34,youtube,shorts,2.2,Velachery,sometimes
308,2023-08-05,CUST308,female,34,beauty,4,300,1200,25-34,instagram,live stream,3.5,T Nagar,sometimes
309,2023-12-23,CUST309,female,26,beauty,1,25,25,25-34,twitter,reel,2.3,Velachery,sometimes
310,2023-10-12,CUST310,female,28,beauty,1,25,25,25-34,instagram,live stream,2.9,Velachery,sometimes
311,2023-12-05,CUST311,female,32,beauty,4,25,100,25-34,youtube,reel,3.3,OMR,sometimes
312,2023-09-07,CUST312,male,41,clothing,4,30,120,35-50,youtube,video,3.2,OMR,sometimes
313,2023-03-21,CUST313,female,55,beauty,3,500,1500,50+,youtube,shorts,1.7,OMR,rarely
314,2023-04-08,CUST314,male,52,clothing,4,30,120,50+,instagram,video,2.1,T Nagar,rarely
315,2023-06-01,CUST315,male,47,clothing,2,30,60,35-50,instagram,shorts,3.5,Anna Nagar,sometimes
316,2023-04-22,CUST316,female,48,clothing,2,25,50,35-50,twitter,shorts,1.8,OMR,rarely
317,2023-01-30,CUST317,male,22,electronics,3,30,90,18-24,tiktok,shorts,3.7,Velachery,often
318,2023-10-24,CUST318,male,61,clothing,1,25,25,50+,youtube,shorts,1.6,T Nagar,rarely
319,2023-10-05,CUST319,male,31,clothing,1,500,500,25-34,instagram,reel,3.1,Tambaram,sometimes
320,2023-02-01,CUST320,female,28,electronics,4,300,1200,25-34,instagram,video,3.0,Tambaram,sometimes
321,2023-06-10,CUST321,female,26,electronics,2,25,50,25-34,youtube,video,4.3,Adyar,often
322,2023-01-30,CUST322,male,51,electronics,1,500,500,50+,twitter,video,2.1,T Nagar,rarely
323,2023-01-26,CUST323,female,29,beauty,3,300,900,25-34,youtube,live stream,3.5,Tambaram,sometimes
324,2023-10-27,CUST324,female,52,electronics,3,50,150,50+,youtube,video,1.5,Adyar,rarely
325,2023-09-02,CUST325,female,52,electronics,2,25,50,50+,instagram,reel,2.2,Tambaram,rarely
326,2023-09-15,CUST326,female,18,clothing,3,25,75,18-24,tiktok,reel,5.4,Tambaram,often
327,2023-09-29,CUST327,male,57,electronics,3,50,150,50+,twitter,video,2.2,Tambaram,rarely
328,2023-03-22,CUST328,male,39,beauty,2,50,100,35-50,twitter,live stream,1.5,Adyar,rarely
329,2023-01-30,CUST329,female,46,electronics,4,25,100,35-50,twitter,shorts,2.8,T Nagar,sometimes
330,2023-09-18,CUST330,female,25,beauty,4,50,200,25-34,instagram,shorts,2.1,OMR,sometimes
331,2023-02-11,CUST331,male,28,electronics,3,30,90,25-34,youtube,shorts,2.6,OMR,sometimes
332,2023-04-06,CUST332,male,58,electronics,4,300,1200,50+,twitter,shorts,1.1,OMR,rarely
333,2023-02-05,CUST333,female,54,electronics,4,300,1200,50+,youtube,video,1.9,T Nagar,rarely
334,2023-11-01,CUST334,male,31,electronics,3,300,900,25-34,instagram,reel,3.7,T Nagar,sometimes
335,2023-02-04,CUST335,female,47,beauty,4,30,120,35-50,youtube,live stream,1.7,Porur,rarely
336,2023-12-12,CUST336,female,52,beauty,3,50,150,50+,youtube,shorts,1.6,OMR,rarely
337,2023-05-01,CUST337,male,38,clothing,1,500,500,35-50,instagram,reel,2.4,Porur,rarely
338,2023-07-26,CUST338,male,54,beauty,2,50,100,50+,twitter,shorts,1.6,Tambaram,rarely
339,2023-03-03,CUST339,female,22,electronics,2,25,50,18-24,tiktok,video,3.3,Adyar,often
340,2023-10-19,CUST340,female,36,clothing,4,300,1200,35-50,youtube,reel,2.3,OMR,rarely
341,2023-05-07,CUST341,male,31,clothing,4,50,200,25-34,youtube,reel,3.9,Porur,sometimes
342,2023-10-24,CUST342,female,43,clothing,4,500,2000,35-50,twitter,shorts,1.6,Adyar,rarely
343,2023-11-01,CUST343,male,21,electronics,2,25,50,18-24,instagram,reel,3.2,OMR,often
344,2023-01-21,CUST344,female,42,beauty,1,30,30,35-50,twitter,shorts,2.2,T Nagar,rarely
345,2023-11-14,CUST345,male,62,electronics,1,30,30,50+,youtube,shorts,2.4,Velachery,rarely
346,2023-02-11,CUST346,male,59,clothing,2,500,1000,50+,twitter,reel,2.0,OMR,rarely
347,2023-08-03,CUST347,male,42,electronics,1,25,25,35-50,twitter,video,2.9,Anna Nagar,sometimes
348,2023-12-03,CUST348,female,35,electronics,2,300,600,35-50,youtube,video,2.2,Anna Nagar,rarely
349,2023-10-26,CUST349,female,57,beauty,1,50,50,50+,youtube,live stream,1.9,Anna Nagar,rarely
350,2023-10-17,CUST350,male,25,beauty,3,25,75,25-34,youtube,reel,2.0,Anna Nagar,sometimes
351,2023-09-25,CUST351,female,56,clothing,3,30,90,50+,twitter,video,2.0,Anna Nagar,rarely
352,2023-06-11,CUST352,male,57,electronics,2,500,1000,50+,instagram,shorts,2.4,Velachery,rarely
353,2023-05-14,CUST353,male,31,electronics,1,500,500,25-34,youtube,video,3.5,Porur,sometimes
354,2023-04-15,CUST354,female,49,beauty,4,50,200,35-50,youtube,shorts,3.2,Adyar,sometimes
355,2023-12-09,CUST355,female,55,electronics,1,500,500,50+,youtube,video,2.1,T Nagar,rarely
356,2023-06-10,CUST356,male,50,electronics,3,500,1500,35-50,twitter,reel,1.7,T Nagar,rarely
357,2023-05-03,CUST357,female,40,electronics,3,25,75,35-50,youtube,reel,3.3,OMR,sometimes
358,2023-05-16,CUST358,female,32,beauty,1,300,300,25-34,youtube,reel,2.2,Velachery,sometimes
359,2023-07-22,CUST359,male,50,clothing,1,50,50,35-50,instagram,reel,2.6,Tambaram,sometimes
360,2023-03-09,CUST360,male,42,clothing,4,25,100,35-50,twitter,shorts,1.8,OMR,rarely
361,2023-12-10,CUST361,female,34,electronics,4,300,1200,25-34,youtube,reel,2.0,Tambaram,sometimes
362,2023-11-27,CUST362,male,50,clothing,1,25,25,35-50,twitter,reel,2.3,Anna Nagar,rarely
363,2023-06-03,CUST363,male,64,beauty,1,25,25,50+,youtube,shorts,1.4,OMR,rarely
364,2023-08-23,CUST364,female,19,beauty,1,500,500,18-24,tiktok,shorts,4.2,Anna Nagar,often
365,2023-06-11,CUST365,male,31,clothing,1,300,300,25-34,twitter,shorts,3.4,Nungambakkam,sometimes
366,2023-02-07,CUST366,male,57,clothing,2,50,100,50+,youtube,reel,1.1,OMR,rarely
367,2023-01-05,CUST367,female,57,electronics,1,50,50,50+,instagram,shorts,1.2,Anna Nagar,rarely
368,2023-08-23,CUST368,female,56,clothing,4,300,1200,50+,instagram,video,1.8,Anna Nagar,rarely
369,2023-11-15,CUST369,male,23,electronics,3,500,1500,18-24,instagram,video,3.9,T Nagar,often
370,2023-10-16,CUST370,male,23,electronics,2,30,60,18-24,instagram,video,4.8,OMR,often
371,2023-02-21,CUST371,female,20,beauty,1,25,25,18-24,instagram,live stream,4.6,Anna Nagar,often
372,2023-02-07,CUST372,female,24,beauty,3,500,1500,18-24,instagram,reel,5.1,Adyar,often
373,2023-10-03,CUST373,female,25,beauty,2,300,600,25-34,instagram,live stream,3.7,Anna Nagar,sometimes
374,2023-04-20,CUST374,female,59,beauty,3,25,75,50+,twitter,shorts,1.6,OMR,rarely
375,2023-09-17,CUST375,male,32,clothing,1,50,50,25-34,instagram,reel,3.7,Tambaram,sometimes
376,2023-05-16,CUST376,female,64,beauty,1,30,30,50+,youtube,live stream,1.4,Tambaram,rarely
377,2023-03-09,CUST377,female,46,clothing,4,50,200,35-50,instagram,reel,2.1,Tambaram,rarely
378,2023-06-28,CUST378,male,50,beauty,1,300,300,35-50,youtube,shorts,3.1,T Nagar,sometimes
379,2023-02-05,CUST379,female,47,clothing,1,25,25,35-50,instagram,reel,2.4,T Nagar,rarely
380,2023-05-06,CUST380,male,56,electronics,2,300,600,50+,youtube,shorts,2.2,OMR,rarely
381,2023-07-09,CUST381,female,44,clothing,4,25,100,35-50,youtube,reel,3.1,Velachery,sometimes
382,2023-05-26,CUST382,female,53,clothing,2,500,1000,50+,twitter,reel,2.3,Velachery,rarely
383,2023-03-22,CUST383,female,46,beauty,3,30,90,35-50,twitter,live stream,3.3,T Nagar,sometimes
384,2023-08-13,CUST384,male,55,clothing,1,500,500,50+,instagram,reel,1.6,Anna Nagar,rarely
385,2023-10-06,CUST385,male,50,electronics,3,500,1500,35-50,twitter,shorts,2.1,T Nagar,rarely
386,2023-12-27,CUST386,female,54,electronics,2,300,600,50+,instagram,video,1.9,Porur,rarely
387,2023-06-04,CUST387,male,44,beauty,1,30,30,35-50,youtube,live stream,2.2,Anna Nagar,rarely
388,2023-11-10,CUST388,male,50,electronics,1,25,25,35-50,youtube,video,2.7,Adyar,sometimes
389,2023-12-01,CUST389,male,21,clothing,2,25,50,18-24,youtube,video,4.8,T Nagar,often
390,2023-09-28,CUST390,male,39,electronics,2,50,100,35-50,instagram,video,2.9,OMR,sometimes
391,2023-01-05,CUST391,male,19,beauty,2,25,50,18-24,youtube,reel,3.9,Anna Nagar,often
392,2023-12-08,CUST392,male,27,clothing,2,300,600,25-34,youtube,reel,2.4,Porur,sometimes
393,2023-10-11,CUST393,female,22,beauty,2,500,1000,18-24,instagram,reel,4.1,Porur,often
394,2023-06-03,CUST394,female,27,clothing,1,500,500,25-34,twitter,shorts,2.4,Anna Nagar,sometimes
395,2023-12-06,CUST395,male,50,electronics,2,500,1000,35-50,youtube,video,3.3,Porur,sometimes
396,2023-02-23,CUST396,female,55,beauty,1,30,30,50+,instagram,live stream,1.5,Nungambakkam,rarely
397,2023-03-10,CUST397,female,30,beauty,1,25,25,25-34,twitter,reel,2.4,Tambaram,sometimes
398,2023-05-16,CUST398,female,48,clothing,2,300,600,35-50,twitter,reel,1.6,Tambaram,rarely
399,2023-03-01,CUST399,female,64,beauty,2,30,60,50+,twitter,shorts,2.0,Anna Nagar,rarely
400,2023-02-24,CUST400,male,53,clothing,4,50,200,50+,twitter,shorts,2.0,Adyar,rarely
401,2023-10-11,CUST401,female,62,clothing,1,300,300,50+,youtube,reel,1.5,T Nagar,rarely
402,2023-03-21,CUST402,female,41,clothing,2,300,600,35-50,instagram,reel,1.6,T Nagar,rarely
403,2023-05-20,CUST403,male,32,clothing,2,300,600,25-34,youtube,reel,3.0,Nungambakkam,sometimes
404,2023-05-25,CUST404,male,46,electronics,2,500,1000,35-50,instagram,shorts,2.1,Anna Nagar,rarely
405,2023-11-06,CUST405,female,25,clothing,4,300,1200,25-34,instagram,shorts,3.7,OMR,sometimes
406,2023-04-18,CUST406,female,22,beauty,4,25,100,18-24,youtube,shorts,4.5,Tambaram,often
407,2023-06-25,CUST407,female,46,electronics,3,300,900,35-50,youtube,reel,2.2,Porur,rarely
408,2023-04-15,CUST408,female,64,beauty,1,500,500,50+,youtube,live stream,1.3,Nungambakkam,rarely
409,2023-12-18,CUST409,female,21,electronics,3,300,900,18-24,youtube,shorts,5.5,Anna Nagar,often
410,2023-11-21,CUST410,female,29,clothing,2,50,100,25-34,instagram,video,3.1,T Nagar,sometimes
411,2023-05-16,CUST411,male,62,electronics,4,50,200,50+,youtube,video,2.0,Velachery,rarely
412,2023-09-16,CUST412,female,19,electronics,4,500,2000,18-24,youtube,video,3.4,T Nagar,often
413,2023-09-08,CUST413,female,44,beauty,3,25,75,35-50,instagram,reel,2.5,T Nagar,sometimes
414,2023-05-09,CUST414,male,48,beauty,4,25,100,35-50,twitter,reel,1.6,Velachery,rarely
415,2023-01-27,CUST415,male,53,clothing,2,30,60,50+,twitter,shorts,1.8,Tambaram,rarely
416,2023-02-17,CUST416,male,53,electronics,4,500,2000,50+,youtube,reel,2.4,Adyar,rarely
417,2023-11-21,CUST417,male,43,electronics,3,300,900,35-50,youtube,video,2.3,Anna Nagar,rarely
418,2023-08-05,CUST418,female,60,electronics,2,500,1000,50+,youtube,video,1.1,OMR,rarely
419,2023-05-22,CUST419,female,44,clothing,3,30,90,35-50,twitter,shorts,1.6,Anna Nagar,rarely
420,2023-01-23,CUST420,female,22,clothing,4,500,2000,18-24,youtube,video,4.0,T Nagar,often
421,2023-01-02,CUST421,female,37,clothing,3,500,1500,35-50,instagram,reel,1.8,Tambaram,rarely
422,2023-06-20,CUST422,female,28,clothing,3,30,90,25-34,twitter,shorts,2.1,OMR,sometimes
423,2023-03-08,CUST423,female,27,clothing,1,25,25,25-34,instagram,reel,3.9,Tambaram,sometimes
424,2023-11-23,CUST424,male,57,beauty,4,300,1200,50+,youtube,reel,1.7,T Nagar,rarely
425,2023-05-15,CUST425,female,55,electronics,4,30,120,50+,youtube,reel,1.4,Tambaram,rarely
426,2023-03-24,CUST426,male,23,electronics,3,50,150,18-24,tiktok,reel,5.3,Adyar,often
427,2023-08-15,CUST427,male,25,electronics,1,25,25,25-34,youtube,video,2.3,Adyar,sometimes
428,2023-10-10,CUST428,female,40,electronics,4,50,200,35-50,instagram,reel,3.4,OMR,sometimes
429,2023-12-28,CUST429,male,64,electronics,2,25,50,50+,youtube,shorts,1.5,Porur,rarely
430,2023-08-07,CUST430,female,43,electronics,3,300,900,35-50,youtube,reel,3.3,Adyar,sometimes
431,2023-10-15,CUST431,male,63,electronics,4,300,1200,50+,youtube,video,1.9,Adyar,rarely
432,2023-01-05,CUST432,female,60,electronics,2,500,1000,50+,twitter,shorts,2.2,Nungambakkam,rarely
433,2023-02-27,CUST433,male,29,beauty,4,50,200,25-34,youtube,shorts,4.5,Tambaram,often
434,2023-02-08,CUST434,female,43,electronics,2,25,50,35-50,youtube,shorts,2.1,Velachery,rarely
435,2023-12-20,CUST435,female,30,beauty,3,300,900,25-34,instagram,reel,4.4,OMR,often
436,2023-03-18,CUST436,female,57,clothing,4,30,120,50+,twitter,reel,1.6,Velachery,rarely
437,2023-10-07,CUST437,female,35,electronics,4,300,1200,35-50,youtube,video,2.3,Anna Nagar,rarely
438,2023-01-19,CUST438,female,42,clothing,1,30,30,35-50,instagram,shorts,2.2,Adyar,rarely
439,2023-07-09,CUST439,male,50,clothing,3,25,75,35-50,twitter,reel,2.6,Porur,sometimes
440,2023-10-26,CUST440,male,64,clothing,2,300,600,50+,youtube,shorts,1.2,Porur,rarely
441,2023-10-10,CUST441,male,57,beauty,4,300,1200,50+,youtube,live stream,1.8,Anna Nagar,rarely
442,2023-03-17,CUST442,female,60,clothing,4,25,100,50+,instagram,reel,1.8,Adyar,rarely
443,2023-08-09,CUST443,male,29,clothing,2,300,600,25-34,youtube,shorts,3.9,Anna Nagar,sometimes
444,2023-03-07,CUST444,female,61,clothing,3,30,90,50+,youtube,reel,2.3,Nungambakkam,rarely
445,2023-01-22,CUST445,female,53,electronics,1,300,300,50+,instagram,reel,1.7,Nungambakkam,rarely
446,2023-06-07,CUST446,male,21,electronics,1,50,50,18-24,youtube,video,3.8,OMR,often
447,2023-07-06,CUST447,male,22,beauty,4,500,2000,18-24,youtube,shorts,3.6,Tambaram,often
448,2023-01-21,CUST448,female,54,beauty,2,30,60,50+,twitter,live stream,1.3,OMR,rarely
449,2023-07-03,CUST449,male,25,electronics,4,50,200,25-34,youtube,reel,2.1,Adyar,sometimes
450,2023-04-18,CUST450,female,59,beauty,2,25,50,50+,youtube,shorts,1.5,T Nagar,rarely
451,2023-12-16,CUST451,female,45,electronics,1,30,30,35-50,instagram,video,2.0,Velachery,rarely
452,2023-05-08,CUST452,female,48,clothing,3,500,1500,35-50,twitter,shorts,3.4,OMR,sometimes
453,2023-12-08,CUST453,female,26,clothing,2,500,1000,25-34,youtube,video,3.4,OMR,sometimes
454,2023-02-22,CUST454,female,46,beauty,1,25,25,35-50,instagram,shorts,2.2,Velachery,rarely
455,2023-07-01,CUST455,male,31,electronics,4,25,100,25-34,instagram,video,3.5,Nungambakkam,sometimes
456,2023-10-14,CUST456,male,57,electronics,2,30,60,50+,youtube,reel,1.2,T Nagar,rarely
457,2023-07-28,CUST457,female,58,beauty,3,300,900,50+,youtube,shorts,1.7,Adyar,rarely
458,2023-11-14,CUST458,female,39,electronics,4,25,100,35-50,twitter,shorts,2.8,OMR,sometimes
459,2023-03-21,CUST459,male,28,clothing,4,300,1200,25-34,instagram,reel,3.2,OMR,sometimes
460,2023-05-02,CUST460,male,40,beauty,1,50,50,35-50,youtube,shorts,2.3,OMR,rarely
461,2023-03-25,CUST461,female,18,beauty,2,500,1000,18-24,instagram,reel,5.5,Anna Nagar,often
462,2023-04-01,CUST462,male,63,electronics,4,300,1200,50+,twitter,shorts,2.3,T Nagar,rarely
463,2023-07-31,CUST463,female,54,beauty,3,500,1500,50+,twitter,reel,1.9,OMR,rarely
464,2023-01-13,CUST464,male,38,electronics,2,300,600,35-50,twitter,shorts,2.6,Adyar,sometimes
465,2023-04-02,CUST465,female,43,electronics,3,50,150,35-50,instagram,reel,2.7,T Nagar,sometimes
466,2023-06-20,CUST466,male,63,electronics,4,25,100,50+,youtube,video,1.3,OMR,rarely
467,2023-07-30,CUST467,female,53,electronics,3,50,150,50+,youtube,reel,1.6,Velachery,rarely
468,2023-12-09,CUST468,male,40,electronics,1,25,25,35-50,instagram,video,1.6,OMR,rarely
469,2023-05-08,CUST469,male,18,beauty,3,25,75,18-24,instagram,live stream,4.2,Tambaram,often
470,2023-05-17,CUST470,female,57,clothing,2,500,1000,50+,instagram,shorts,1.8,T Nagar,rarely
471,2023-03-23,CUST471,male,32,clothing,3,50,150,25-34,instagram,shorts,2.6,T Nagar,sometimes
472,2023-12-26,CUST472,female,38,beauty,3,300,900,35-50,instagram,shorts,3.4,Tambaram,sometimes
473,2023-02-25,CUST473,male,64,beauty,1,50,50,50+,youtube,live stream,2.4,Adyar,rarely
474,2023-07-15,CUST474,female,26,clothing,3,500,1500,25-34,twitter,reel,3.8,OMR,sometimes
475,2023-01-20,CUST475,male,26,clothing,3,25,75,25-34,youtube,reel,3.3,Tambaram,sometimes
476,2023-08-29,CUST476,female,27,clothing,4,500,2000,25-34,twitter,shorts,4.2,Tambaram,often
477,2023-04-24,CUST477,male,43,clothing,4,30,120,35-50,youtube,video,1.8,Nungambakkam,rarely
478,2023-04-13,CUST478,female,58,clothing,2,30,60,50+,twitter,shorts,2.2,Adyar,rarely
479,2023-08-24,CUST479,male,52,electronics,4,300,1200,50+,instagram,shorts,1.2,Velachery,rarely
480,2023-06-29,CUST480,female,42,beauty,4,500,2000,35-50,twitter,reel,3.1,Velachery,sometimes
481,2023-06-06,CUST481,female,43,electronics,4,300,1200,35-50,twitter,reel,2.1,T Nagar,rarely
482,2023-04-27,CUST482,female,28,clothing,4,300,1200,25-34,youtube,reel,4.2,Adyar,often
483,2023-04-25,CUST483,male,55,clothing,1,30,30,50+,youtube,shorts,2.4,Anna Nagar,rarely
484,2023-01-13,CUST484,female,19,clothing,4,300,1200,18-24,tiktok,reel,3.4,Porur,often
485,2023-12-04,CUST485,male,24,electronics,1,30,30,18-24,tiktok,video,4.2,Adyar,often
486,2023-04-09,CUST486,female,35,electronics,1,25,25,35-50,instagram,video,3.5,Adyar,sometimes
487,2023-07-24,CUST487,male,44,clothing,4,500,2000,35-50,youtube,reel,2.5,Velachery,sometimes
488,2023-06-18,CUST488,female,51,electronics,3,300,900,50+,youtube,shorts,2.3,T Nagar,rarely
489,2023-05-23,CUST489,male,44,electronics,1,30,30,35-50,instagram,video,2.7,T Nagar,sometimes
490,2023-02-05,CUST490,male,34,clothing,3,50,150,25-34,twitter,reel,2.9,Velachery,sometimes
491,2023-05-23,CUST491,female,60,electronics,3,300,900,50+,youtube,video,1.4,T Nagar,rarely
492,2023-06-29,CUST492,male,61,beauty,4,25,100,50+,twitter,reel,1.3,Adyar,rarely
493,2023-11-25,CUST493,male,41,beauty,2,25,50,35-50,youtube,reel,3.0,Porur,sometimes
494,2023-09-18,CUST494,female,42,beauty,4,50,200,35-50,youtube,reel,2.3,Porur,rarely
495,2023-07-24,CUST495,male,24,beauty,2,30,60,18-24,tiktok,shorts,4.3,OMR,often
496,2023-12-14,CUST496,male,23,clothing,2,300,600,18-24,instagram,shorts,4.2,Anna Nagar,often
497,2023-10-02,CUST497,male,41,clothing,4,30,120,35-50,twitter,shorts,2.7,Porur,sometimes
498,2023-06-19,CUST498,female,50,clothing,4,25,100,35-50,youtube,shorts,3.2,Porur,sometimes
499,2023-01-15,CUST499,male,46,beauty,2,30,60,35-50,instagram,reel,3.5,T Nagar,sometimes
500,2023-03-01,CUST500,female,60,beauty,4,25,100,50+,instagram,live stream,1.6,OMR,rarely
501,2023-05-14,CUST501,male,39,electronics,2,30,60,35-50,twitter,shorts,3.2,Anna Nagar,sometimes
502,2023-04-02,CUST502,male,43,electronics,3,50,150,35-50,twitter,video,3.0,Tambaram,sometimes
503,2023-10-25,CUST503,male,45,beauty,4,500,2000,35-50,youtube,reel,2.6,Nungambakkam,sometimes
504,2023-05-16,CUST504,female,38,beauty,3,50,150,35-50,instagram,reel,3.4,T Nagar,sometimes
505,2023-01-20,CUST505,male,24,beauty,1,50,50,18-24,tiktok,reel,3.5,Porur,often
506,2023-02-25,CUST506,male,34,beauty,3,500,1500,25-34,instagram,reel,2.3,OMR,sometimes
507,2023-11-02,CUST507,female,37,electronics,3,500,1500,35-50,instagram,shorts,3.2,Nungambakkam,sometimes
508,2023-08-11,CUST508,male,58,beauty,2,300,600,50+,instagram,shorts,1.7,Velachery,rarely
509,2023-06-26,CUST509,female,37,electronics,3,300,900,35-50,instagram,shorts,3.2,Tambaram,sometimes
510,2023-06-10,CUST510,female,39,beauty,4,50,200,35-50,twitter,live stream,3.3,T Nagar,sometimes
511,2023-08-12,CUST511,male,45,beauty,2,50,100,35-50,twitter,live stream,1.6,Anna Nagar,rarely
512,2023-11-07,CUST512,female,57,beauty,1,25,25,50+,youtube,shorts,2.3,T Nagar,rarely
513,2023-09-19,CUST513,male,24,electronics,4,25,100,18-24,youtube,reel,4.1,Nungambakkam,often
514,2023-03-01,CUST514,female,18,electronics,1,300,300,18-24,youtube,video,4.3,Tambaram,often
515,2023-07-17,CUST515,female,49,clothing,3,300,900,35-50,youtube,reel,2.8,Porur,sometimes
516,2023-10-23,CUST516,male,30,beauty,4,25,100,25-34,instagram,reel,4.3,Nungambakkam,often
517,2023-04-08,CUST517,female,47,clothing,4,25,100,35-50,youtube,shorts,1.5,T Nagar,rarely
518,2023-05-11,CUST518,female,40,clothing,1,30,30,35-50,instagram,video,2.5,Velachery,sometimes
519,2023-01-23,CUST519,female,36,electronics,4,30,120,35-50,instagram,video,2.9,T Nagar,sometimes
520,2023-12-29,CUST520,female,49,electronics,4,25,100,35-50,youtube,reel,2.9,Anna Nagar,sometimes
521,2023-08-12,CUST521,female,47,clothing,4,30,120,35-50,twitter,reel,2.9,Anna Nagar,sometimes
522,2023-01-01,CUST522,male,46,beauty,3,500,1500,35-50,youtube,live stream,1.8,Velachery,rarely
523,2023-09-24,CUST523,female,62,electronics,1,300,300,50+,instagram,video,1.4,Anna Nagar,rarely
524,2023-10-03,CUST524,male,46,beauty,4,300,1200,35-50,instagram,reel,2.2,T Nagar,rarely
525,2023-12-18,CUST525,female,47,beauty,2,25,50,35-50,instagram,shorts,3.1,T Nagar,sometimes
526,2023-12-10,CUST526,male,33,clothing,2,50,100,25-34,youtube,reel,2.7,T Nagar,sometimes
527,2023-04-11,CUST527,male,57,clothing,2,25,50,50+,youtube,reel,1.3,Nungambakkam,rarely
528,2023-07-06,CUST528,female,36,clothing,2,30,60,35-50,youtube,reel,3.4,Tambaram,sometimes
529,2023-08-09,CUST529,female,35,clothing,3,50,150,35-50,youtube,video,1.5,Nungambakkam,rarely
530,2023-02-05,CUST530,female,18,electronics,4,30,120,18-24,youtube,shorts,5.5,Velachery,often
531,2023-12-07,CUST531,male,31,electronics,1,500,500,25-34,twitter,video,3.7,Anna Nagar,sometimes
532,2023-06-19,CUST532,female,64,clothing,4,30,120,50+,instagram,shorts,2.2,Tambaram,rarely
533,2023-11-16,CUST533,male,19,electronics,3,500,1500,18-24,youtube,shorts,3.7,Anna Nagar,often
534,2023-06-10,CUST534,male,45,clothing,2,500,1000,35-50,twitter,reel,1.5,Anna Nagar,rarely
535,2023-12-06,CUST535,male,47,beauty,3,30,90,35-50,instagram,reel,3.0,Anna Nagar,sometimes
536,2023-03-05,CUST536,female,55,beauty,4,30,120,50+,instagram,reel,2.3,T Nagar,rarely
537,2023-06-03,CUST537,female,21,beauty,1,500,500,18-24,youtube,reel,4.9,Anna Nagar,often
538,2023-09-17,CUST538,male,18,clothing,3,50,150,18-24,instagram,shorts,3.4,Velachery,often
539,2023-06-08,CUST539,male,25,beauty,1,500,500,25-34,youtube,reel,3.9,OMR,sometimes
540,2023-12-08,CUST540,female,46,electronics,3,300,900,35-50,youtube,shorts,3.0,T Nagar,sometimes
541,2023-07-29,CUST541,male,56,beauty,1,500,500,50+,instagram,shorts,2.0,Anna Nagar,rarely
542,2023-06-17,CUST542,female,20,beauty,1,50,50,18-24,tiktok,reel,4.9,Tambaram,often
543,2023-07-26,CUST543,male,49,beauty,2,300,600,35-50,youtube,shorts,3.2,T Nagar,sometimes
544,2023-12-23,CUST544,female,27,electronics,1,25,25,25-34,youtube,video,3.5,Anna Nagar,sometimes
545,2023-06-01,CUST545,male,27,clothing,2,25,50,25-34,youtube,video,2.2,Porur,sometimes
546,2023-10-11,CUST546,female,36,electronics,4,50,200,35-50,youtube,video,2.5,T Nagar,sometimes
547,2023-03-07,CUST547,male,63,clothing,4,500,2000,50+,youtube,video,1.1,T Nagar,rarely
548,2023-04-09,CUST548,female,51,clothing,2,30,60,50+,twitter,shorts,1.6,Velachery,rarely
549,2023-08-04,CUST549,female,50,beauty,2,50,100,35-50,twitter,reel,2.3,Anna Nagar,rarely
550,2023-12-07,CUST550,male,40,clothing,3,300,900,35-50,instagram,shorts,1.6,Adyar,rarely
551,2023-07-14,CUST551,male,45,electronics,3,300,900,35-50,twitter,reel,2.2,Tambaram,rarely
552,2023-12-13,CUST552,female,49,electronics,3,25,75,35-50,instagram,shorts,1.7,T Nagar,rarely
553,2023-03-31,CUST553,male,24,clothing,4,300,1200,18-24,tiktok,video,5.0,Adyar,often
554,2023-11-12,CUST554,female,46,beauty,3,50,150,35-50,twitter,live stream,3.4,Adyar,sometimes
555,2023-10-19,CUST555,male,25,beauty,1,300,300,25-34,twitter,reel,2.2,T Nagar,sometimes
556,2023-06-04,CUST556,female,18,electronics,1,50,50,18-24,tiktok,video,5.4,OMR,often
557,2023-07-27,CUST557,female,20,beauty,3,30,90,18-24,instagram,shorts,4.3,Anna Nagar,often
558,2023-10-08,CUST558,female,41,clothing,1,25,25,35-50,youtube,reel,2.1,Velachery,rarely
559,2023-01-01,CUST559,female,40,clothing,4,300,1200,35-50,instagram,video,1.7,T Nagar,rarely
560,2023-06-05,CUST560,female,25,electronics,1,50,50,25-34,youtube,reel,3.3,Velachery,sometimes
561,2023-05-27,CUST561,female,64,clothing,4,500,2000,50+,twitter,reel,2.2,Anna Nagar,rarely
562,2023-04-18,CUST562,male,54,electronics,2,25,50,50+,youtube,video,2.1,Tambaram,rarely
563,2023-08-09,CUST563,male,20,clothing,2,30,60,18-24,instagram,shorts,3.1,T Nagar,often
564,2023-10-24,CUST564,male,50,electronics,2,50,100,35-50,youtube,video,1.6,Velachery,rarely
565,2023-11-07,CUST565,female,45,beauty,2,30,60,35-50,youtube,live stream,2.3,Velachery,rarely
566,2023-12-02,CUST566,female,64,clothing,1,30,30,50+,twitter,reel,1.4,OMR,rarely
567,2023-06-14,CUST567,female,25,clothing,3,300,900,25-34,youtube,shorts,2.6,Adyar,sometimes
568,2023-08-27,CUST568,female,51,electronics,1,300,300,50+,youtube,video,1.4,OMR,rarely
569,2023-08-15,CUST569,male,52,electronics,4,50,200,50+,instagram,shorts,2.2,Tambaram,rarely
570,2023-08-15,CUST570,male,49,clothing,1,500,500,35-50,youtube,shorts,3.4,Porur,sometimes
571,2023-12-12,CUST571,female,41,electronics,1,50,50,35-50,twitter,shorts,2.3,Anna Nagar,rarely
572,2023-04-20,CUST572,male,31,clothing,4,500,2000,25-34,twitter,reel,4.3,Adyar,often
573,2023-09-19,CUST573,male,49,beauty,2,30,60,35-50,youtube,shorts,2.1,Tambaram,rarely
574,2023-08-31,CUST574,female,63,electronics,2,25,50,50+,twitter,reel,1.7,Nungambakkam,rarely
575,2023-03-28,CUST575,male,60,clothing,2,50,100,50+,instagram,reel,1.3,Porur,rarely
576,2023-12-04,CUST576,female,33,beauty,3,50,150,25-34,twitter,reel,3.6,Velachery,sometimes
577,2023-02-13,CUST577,male,21,beauty,4,500,2000,18-24,instagram,reel,5.4,T Nagar,often
578,2023-05-26,CUST578,female,54,clothing,4,30,120,50+,instagram,shorts,1.9,Velachery,rarely
579,2023-09-21,CUST579,female,38,electronics,1,30,30,35-50,twitter,shorts,2.2,OMR,rarely
580,2023-12-06,CUST580,female,31,clothing,3,500,1500,25-34,instagram,shorts,3.6,Velachery,sometimes
581,2023-11-21,CUST581,female,48,beauty,2,30,60,35-50,twitter,reel,1.7,Velachery,rarely
582,2023-11-14,CUST582,male,35,clothing,3,300,900,35-50,instagram,reel,3.3,Tambaram,sometimes
583,2023-06-21,CUST583,female,24,electronics,4,25,100,18-24,tiktok,shorts,4.3,Velachery,often
584,2023-02-17,CUST584,female,27,beauty,4,50,200,25-34,instagram,shorts,3.1,Porur,sometimes
585,2023-05-01,CUST585,female,24,clothing,1,25,25,18-24,tiktok,video,4.5,Velachery,often
586,2023-12-11,CUST586,male,50,electronics,1,50,50,35-50,youtube,video,2.7,Anna Nagar,sometimes
587,2023-06-08,CUST587,female,40,beauty,4,300,1200,35-50,youtube,shorts,1.6,Velachery,rarely
588,2023-04-26,CUST588,male,38,electronics,2,30,60,35-50,youtube,video,2.9,Tambaram,sometimes
589,2023-04-12,CUST589,female,36,beauty,2,500,1000,35-50,youtube,reel,2.0,T Nagar,rarely
590,2023-03-17,CUST590,male,36,clothing,3,300,900,35-50,youtube,shorts,2.9,T Nagar,sometimes
591,2023-01-13,CUST591,male,53,electronics,4,25,100,50+,youtube,shorts,2.2,Nungambakkam,rarely
592,2023-01-24,CUST592,female,46,beauty,4,500,2000,35-50,twitter,live stream,3.1,T Nagar,sometimes
593,2023-05-06,CUST593,male,35,electronics,2,30,60,35-50,youtube,video,2.6,Adyar,sometimes
594,2023-09-01,CUST594,female,19,electronics,2,300,600,18-24,instagram,video,4.3,Adyar,often
595,2023-11-09,CUST595,female,18,clothing,4,500,2000,18-24,youtube,shorts,3.4,Velachery,often
596,2023-02-07,CUST596,female,64,electronics,1,300,300,50+,youtube,shorts,2.2,OMR,rarely
597,2023-08-22,CUST597,male,22,beauty,4,300,1200,18-24,tiktok,reel,3.7,Anna Nagar,often
598,2023-08-01,CUST598,male,37,beauty,4,30,120,35-50,youtube,reel,2.5,Adyar,sometimes
599,2023-11-19,CUST599,female,28,beauty,2,50,100,25-34,instagram,reel,2.7,Velachery,sometimes
600,2023-10-22,CUST600,female,59,beauty,2,500,1000,50+,youtube,live stream,1.2,OMR,rarely
601,2023-04-10,CUST601,male,19,clothing,1,30,30,18-24,instagram,reel,4.6,T Nagar,often
602,2023-12-23,CUST602,female,20,electronics,1,300,300,18-24,instagram,video,3.1,Adyar,often
603,2023-07-16,CUST603,female,40,clothing,3,30,90,35-50,youtube,reel,3.0,T Nagar,sometimes
604,2023-09-11,CUST604,female,29,electronics,4,50,200,25-34,instagram,video,2.8,Anna Nagar,sometimes
605,2023-07-24,CUST605,male,37,electronics,2,500,1000,35-50,youtube,video,1.5,Anna Nagar,rarely
606,2023-05-05,CUST606,male,22,electronics,1,50,50,18-24,tiktok,shorts,4.3,T Nagar,often
607,2023-03-17,CUST607,male,54,clothing,3,25,75,50+,youtube,reel,1.1,Tambaram,rarely
608,2023-12-02,CUST608,female,55,electronics,3,500,1500,50+,youtube,reel,1.4,Anna Nagar,rarely
609,2023-12-19,CUST609,female,47,clothing,2,50,100,35-50,twitter,reel,2.9,Porur,sometimes
610,2023-01-03,CUST610,female,26,beauty,2,300,600,25-34,youtube,shorts,2.2,Nungambakkam,sometimes
611,2023-02-24,CUST611,male,51,beauty,3,500,1500,50+,youtube,live stream,2.3,Adyar,rarely
612,2023-08-06,CUST612,female,61,electronics,1,500,500,50+,twitter,shorts,1.0,T Nagar,rarely
613,2023-04-23,CUST613,female,52,clothing,3,30,90,50+,twitter,shorts,1.4,Velachery,rarely
614,2023-04-01,CUST614,female,39,beauty,4,300,1200,35-50,youtube,reel,3.0,Tambaram,sometimes
615,2023-12-23,CUST615,female,61,clothing,4,25,100,50+,instagram,reel,1.5,Velachery,rarely
616,2023-09-23,CUST616,male,41,clothing,2,50,100,35-50,instagram,shorts,1.7,T Nagar,rarely
617,2023-08-26,CUST617,male,34,electronics,1,30,30,25-34,instagram,reel,2.9,Adyar,sometimes
618,2023-01-26,CUST618,female,27,beauty,1,50,50,25-34,instagram,shorts,2.7,Tambaram,sometimes
619,2023-10-13,CUST619,male,47,electronics,4,25,100,35-50,instagram,shorts,3.2,Tambaram,sometimes
620,2023-05-08,CUST620,male,63,electronics,3,25,75,50+,twitter,shorts,1.5,T Nagar,rarely
621,2023-03-04,CUST621,female,40,beauty,2,500,1000,35-50,youtube,shorts,3.1,OMR,sometimes
622,2023-08-22,CUST622,female,49,beauty,3,25,75,35-50,youtube,reel,3.3,Anna Nagar,sometimes
623,2023-03-10,CUST623,male,34,clothing,3,50,150,25-34,youtube,shorts,3.1,Anna Nagar,sometimes
624,2023-08-26,CUST624,female,34,beauty,3,300,900,25-34,youtube,live stream,4.3,Porur,often
625,2023-12-08,CUST625,male,31,clothing,1,300,300,25-34,youtube,reel,2.9,Anna Nagar,sometimes
626,2023-09-29,CUST626,female,26,clothing,4,500,2000,25-34,youtube,shorts,4.4,Anna Nagar,often
627,2023-10-14,CUST627,male,57,clothing,1,50,50,50+,youtube,reel,1.1,T Nagar,rarely
628,2023-11-01,CUST628,female,19,beauty,4,50,200,18-24,tiktok,shorts,4.7,Porur,often
629,2023-06-12,CUST629,male,62,electronics,2,25,50,50+,youtube,video,1.7,Tambaram,rarely
630,2023-08-15,CUST630,male,42,clothing,2,50,100,35-50,youtube,shorts,2.3,OMR,rarely
631,2023-11-10,CUST631,male,56,electronics,3,30,90,50+,twitter,shorts,1.9,Tambaram,rarely
632,2023-09-16,CUST632,female,26,electronics,4,25,100,25-34,twitter,video,3.8,T Nagar,sometimes
633,2023-08-07,CUST633,male,39,beauty,4,30,120,35-50,twitter,shorts,1.5,Velachery,rarely
634,2023-10-08,CUST634,male,60,electronics,4,500,2000,50+,twitter,shorts,1.3,Velachery,rarely
635,2023-08-17,CUST635,female,63,electronics,3,300,900,50+,youtube,reel,2.1,T Nagar,rarely
636,2023-03-23,CUST636,female,21,beauty,3,500,1500,18-24,tiktok,reel,4.7,Velachery,often
637,2023-09-01,CUST637,male,43,clothing,2,300,600,35-50,twitter,reel,3.4,Porur,sometimes
638,2023-08-19,CUST638,male,46,electronics,1,500,500,35-50,youtube,video,3.0,T Nagar,sometimes
639,2023-05-13,CUST639,female,62,beauty,4,50,200,50+,youtube,live stream,2.4,Anna Nagar,rarely
640,2023-05-07,CUST640,female,51,electronics,4,30,120,50+,youtube,reel,2.1,Anna Nagar,rarely
641,2023-11-23,CUST641,female,40,electronics,1,300,300,35-50,youtube,shorts,2.1,Anna Nagar,rarely
642,2023-05-22,CUST642,female,54,clothing,4,25,100,50+,youtube,video,1.2,Porur,rarely
643,2023-09-24,CUST643,female,28,electronics,3,30,90,25-34,instagram,shorts,4.0,Velachery,often
644,2023-09-06,CUST644,male,23,beauty,3,25,75,18-24,instagram,shorts,4.6,Velachery,often
645,2023-11-17,CUST645,female,35,electronics,4,30,120,35-50,youtube,video,1.6,Tambaram,rarely
646,2023-05-03,CUST646,male,38,clothing,3,30,90,35-50,instagram,shorts,2.2,T Nagar,rarely
647,2023-05-21,CUST647,male,59,clothing,3,500,1500,50+,twitter,reel,2.4,Velachery,rarely
648,2023-08-14,CUST648,male,53,beauty,4,300,1200,50+,twitter,live stream,1.8,Velachery,rarely
649,2023-02-09,CUST649,female,58,clothing,2,300,600,50+,twitter,shorts,1.6,Adyar,rarely
650,2024-01-01,CUST650,male,55,electronics,1,30,30,50+,youtube,shorts,1.7,Nungambakkam,rarely
651,2023-05-27,CUST651,male,51,clothing,3,50,150,50+,youtube,reel,1.3,Tambaram,rarely
652,2023-05-01,CUST652,female,34,beauty,2,50,100,25-34,youtube,reel,2.9,Velachery,sometimes
653,2023-05-20,CUST653,male,54,clothing,3,25,75,50+,twitter,reel,1.6,Tambaram,rarely
654,2023-06-21,CUST654,male,42,clothing,3,25,75,35-50,twitter,reel,1.6,T Nagar,rarely
655,2023-06-13,CUST655,female,55,clothing,1,500,500,50+,youtube,reel,2.2,T Nagar,rarely
656,2023-10-04,CUST656,male,29,beauty,3,30,90,25-34,instagram,live stream,3.0,Anna Nagar,sometimes
657,2023-02-11,CUST657,male,40,clothing,1,25,25,35-50,youtube,shorts,3.1,Anna Nagar,sometimes
658,2023-03-12,CUST658,male,59,clothing,1,25,25,50+,youtube,reel,2.3,Adyar,rarely
659,2023-03-19,CUST659,female,39,electronics,1,30,30,35-50,twitter,video,1.9,Adyar,rarely
660,2023-04-29,CUST660,female,38,beauty,2,500,1000,35-50,twitter,reel,2.8,Porur,sometimes
661,2023-07-16,CUST661,female,44,clothing,4,25,100,35-50,youtube,shorts,2.4,Adyar,rarely
662,2023-12-22,CUST662,male,48,beauty,2,500,1000,35-50,instagram,shorts,3.3,Adyar,sometimes
663,2023-03-20,CUST663,male,23,clothing,4,300,1200,18-24,tiktok,video,3.5,T Nagar,often
664,2023-12-28,CUST664,female,44,clothing,4,500,2000,35-50,youtube,shorts,2.9,T Nagar,sometimes
665,2023-04-20,CUST665,male,57,clothing,1,50,50,50+,youtube,video,1.9,Adyar,rarely
666,2023-02-02,CUST666,male,51,electronics,3,50,150,50+,youtube,reel,1.4,Velachery,rarely
667,2023-08-01,CUST667,female,29,electronics,1,500,500,25-34,instagram,video,2.3,Tambaram,sometimes
668,2023-07-28,CUST668,female,62,electronics,3,50,150,50+,youtube,reel,2.0,T Nagar,rarely
669,2023-06-19,CUST669,male,24,beauty,4,300,1200,18-24,instagram,reel,4.8,T Nagar,often
670,2023-10-05,CUST670,male,27,beauty,1,30,30,25-34,instagram,live stream,2.8,Velachery,sometimes
671,2023-08-27,CUST671,male,62,electronics,3,50,150,50+,youtube,video,2.0,Anna Nagar,rarely
672,2023-08-01,CUST672,female,34,beauty,2,50,100,25-34,twitter,live stream,3.0,T Nagar,sometimes
673,2023-02-01,CUST673,female,43,clothing,3,500,1500,35-50,youtube,video,2.9,OMR,sometimes
674,2023-04-16,CUST674,female,38,clothing,1,300,300,35-50,twitter,video,1.9,T Nagar,rarely
675,2023-08-04,CUST675,female,45,clothing,2,30,60,35-50,twitter,shorts,3.3,Adyar,sometimes
676,2023-07-19,CUST676,male,63,electronics,3,500,1500,50+,instagram,video,1.4,Anna Nagar,rarely
677,2023-10-27,CUST677,female,19,beauty,3,500,1500,18-24,instagram,reel,3.9,T Nagar,often
678,2023-12-23,CUST678,female,60,electronics,3,300,900,50+,youtube,video,1.1,Velachery,rarely
679,2023-01-11,CUST679,female,18,beauty,3,30,90,18-24,youtube,reel,3.3,Tambaram,often
680,2023-10-22,CUST680,female,53,clothing,3,300,900,50+,instagram,shorts,1.8,Velachery,rarely
681,2023-07-14,CUST681,female,43,electronics,2,30,60,35-50,instagram,video,2.0,Tambaram,rarely
682,2023-09-02,CUST682,male,46,beauty,4,300,1200,35-50,youtube,live stream,3.2,T Nagar,sometimes
683,2023-01-04,CUST683,male,38,beauty,2,500,1000,35-50,youtube,shorts,1.5,Tambaram,rarely
684,2023-06-30,CUST684,female,28,clothing,2,500,1000,25-34,youtube,video,2.9,Anna Nagar,sometimes
685,2023-06-02,CUST685,male,57,electronics,2,25,50,50+,instagram,video,1.5,OMR,rarely
686,2023-07-19,CUST686,female,28,electronics,4,50,200,25-34,youtube,reel,2.0,Adyar,sometimes
687,2023-08-03,CUST687,female,53,electronics,1,300,300,50+,twitter,reel,1.2,Porur,rarely
688,2023-10-03,CUST688,male,56,clothing,4,25,100,50+,youtube,shorts,1.6,Velachery,rarely
689,2023-10-07,CUST689,male,57,electronics,2,50,100,50+,twitter,shorts,1.7,T Nagar,rarely
690,2023-11-05,CUST690,female,52,clothing,3,300,900,50+,youtube,shorts,1.6,T Nagar,rarely
691,2023-04-23,CUST691,female,51,clothing,3,30,90,50+,youtube,reel,1.8,Tambaram,rarely
692,2023-09-07,CUST692,female,64,clothing,2,50,100,50+,youtube,shorts,1.9,Adyar,rarely
693,2023-04-23,CUST693,male,41,beauty,3,500,1500,35-50,twitter,reel,1.5,Tambaram,rarely
694,2023-05-20,CUST694,female,39,electronics,2,25,50,35-50,youtube,video,2.4,Anna Nagar,rarely
695,2023-08-12,CUST695,female,22,electronics,3,50,150,18-24,instagram,video,5.4,Anna Nagar,often
696,2023-09-06,CUST696,female,50,clothing,4,50,200,35-50,twitter,reel,2.5,T Nagar,sometimes
697,2023-01-15,CUST697,male,53,clothing,1,500,500,50+,youtube,reel,2.0,Nungambakkam,rarely
698,2023-07-19,CUST698,female,64,electronics,1,300,300,50+,twitter,video,1.5,OMR,rarely
699,2023-06-22,CUST699,female,37,clothing,4,30,120,35-50,youtube,video,3.0,Nungambakkam,sometimes
700,2023-12-09,CUST700,male,36,electronics,4,500,2000,35-50,twitter,shorts,3.0,Anna Nagar,sometimes
701,2023-12-14,CUST701,female,52,beauty,2,30,60,50+,twitter,live stream,1.8,Adyar,rarely
702,2023-07-27,CUST702,female,60,clothing,2,300,600,50+,youtube,reel,2.5,OMR,sometimes
703,2023-03-26,CUST703,male,34,electronics,2,50,100,25-34,instagram,video,2.3,Anna Nagar,sometimes
704,2023-08-28,CUST704,female,62,clothing,3,30,90,50+,youtube,shorts,1.0,Tambaram,rarely
705,2023-03-07,CUST705,male,60,electronics,2,25,50,50+,youtube,video,2.2,Nungambakkam,rarely
706,2023-11-15,CUST706,male,51,electronics,4,25,100,50+,instagram,video,2.2,Porur,rarely
707,2023-10-01,CUST707,female,26,clothing,1,500,500,25-34,instagram,shorts,2.3,OMR,sometimes
708,2023-01-14,CUST708,female,43,beauty,3,300,900,35-50,instagram,reel,2.0,Anna Nagar,rarely
709,2023-07-21,CUST709,female,19,electronics,2,500,1000,18-24,instagram,shorts,3.0,Anna Nagar,often
710,2023-10-31,CUST710,female,26,electronics,3,500,1500,25-34,youtube,shorts,2.7,Nungambakkam,sometimes
711,2023-10-16,CUST711,male,26,electronics,3,500,1500,25-34,twitter,video,3.9,T Nagar,sometimes
712,2023-12-06,CUST712,female,57,beauty,2,25,50,50+,twitter,reel,1.8,OMR,rarely
713,2023-01-14,CUST713,male,34,beauty,3,25,75,25-34,youtube,live stream,2.9,OMR,sometimes
714,2023-02-12,CUST714,female,18,clothing,1,500,500,18-24,tiktok,shorts,3.9,OMR,often
715,2023-11-26,CUST715,female,42,beauty,4,25,100,35-50,youtube,reel,1.5,Nungambakkam,rarely
716,2023-08-08,CUST716,female,60,clothing,4,300,1200,50+,instagram,video,1.4,Anna Nagar,rarely
717,2023-03-11,CUST717,male,57,clothing,1,500,500,50+,instagram,reel,2.0,Anna Nagar,rarely
718,2023-08-25,CUST718,female,59,beauty,3,25,75,50+,instagram,shorts,2.5,T Nagar,sometimes
719,2023-04-04,CUST719,female,42,clothing,2,30,60,35-50,youtube,video,3.2,Velachery,sometimes
720,2023-01-26,CUST720,female,56,beauty,3,500,1500,50+,twitter,reel,1.0,Anna Nagar,rarely
721,2023-05-14,CUST721,female,52,clothing,1,500,500,50+,instagram,reel,2.3,Anna Nagar,rarely
722,2023-07-14,CUST722,male,20,beauty,3,300,900,18-24,instagram,reel,5.0,Tambaram,often
723,2023-06-17,CUST723,female,54,beauty,4,50,200,50+,youtube,reel,2.2,Nungambakkam,rarely
724,2023-04-19,CUST724,male,61,clothing,3,50,150,50+,twitter,reel,1.7,T Nagar,rarely
725,2023-08-21,CUST725,male,61,electronics,1,300,300,50+,twitter,shorts,1.6,Velachery,rarely
726,2023-06-17,CUST726,male,47,clothing,4,300,1200,35-50,instagram,reel,2.1,Porur,rarely
727,2023-06-22,CUST727,male,55,beauty,3,300,900,50+,youtube,shorts,1.1,T Nagar,rarely
728,2023-07-14,CUST728,male,51,electronics,3,50,150,50+,twitter,reel,1.3,T Nagar,rarely
729,2023-05-23,CUST729,male,29,clothing,4,300,1200,25-34,instagram,video,2.6,T Nagar,sometimes
730,2023-08-04,CUST730,female,36,clothing,2,25,50,35-50,youtube,shorts,2.5,Adyar,sometimes
731,2023-05-10,CUST731,male,54,clothing,4,500,2000,50+,youtube,reel,2.1,T Nagar,rarely
732,2023-02-11,CUST732,male,61,electronics,2,500,1000,50+,instagram,shorts,1.7,Nungambakkam,rarely
733,2023-08-29,CUST733,male,34,beauty,1,30,30,25-34,youtube,shorts,2.1,Velachery,sometimes
734,2023-01-10,CUST734,female,27,clothing,1,30,30,25-34,youtube,reel,4.4,Adyar,often
735,2023-10-04,CUST735,female,64,clothing,4,500,2000,50+,youtube,reel,2.4,Anna Nagar,rarely
736,2023-01-27,CUST736,male,29,clothing,4,25,100,25-34,twitter,video,4.0,Velachery,often
737,2023-06-29,CUST737,female,33,clothing,1,50,50,25-34,youtube,reel,4.5,OMR,often
738,2023-04-25,CUST738,male,41,clothing,2,50,100,35-50,instagram,reel,2.6,Tambaram,sometimes
739,2023-11-29,CUST739,male,36,beauty,1,25,25,35-50,twitter,reel,3.4,Tambaram,sometimes
740,2023-02-05,CUST740,female,25,beauty,4,50,200,25-34,youtube,reel,2.2,Adyar,sometimes
741,2023-11-30,CUST741,male,48,clothing,1,300,300,35-50,twitter,video,2.2,Porur,rarely
742,2023-01-21,CUST742,female,38,electronics,4,500,2000,35-50,youtube,shorts,2.0,Tambaram,rarely
743,2023-01-16,CUST743,female,34,beauty,4,500,2000,25-34,twitter,live stream,2.5,Tambaram,sometimes
744,2023-05-07,CUST744,male,40,electronics,1,25,25,35-50,twitter,video,1.8,T Nagar,rarely
745,2023-04-13,CUST745,male,54,beauty,2,50,100,50+,youtube,reel,1.9,T Nagar,rarely
746,2023-01-11,CUST746,female,33,clothing,3,30,90,25-34,twitter,shorts,4.0,Anna Nagar,often
747,2023-11-15,CUST747,male,23,beauty,1,30,30,18-24,instagram,reel,4.4,OMR,often
748,2023-03-20,CUST748,male,25,clothing,3,50,150,25-34,youtube,reel,2.4,Velachery,sometimes
749,2023-05-03,CUST749,male,42,beauty,1,30,30,35-50,instagram,live stream,3.1,Velachery,sometimes
750,2023-03-06,CUST750,female,35,clothing,3,25,75,35-50,twitter,reel,2.8,Porur,sometimes
751,2023-08-31,CUST751,female,42,clothing,2,25,50,35-50,youtube,shorts,2.3,Porur,rarely
752,2023-12-09,CUST752,male,29,clothing,2,50,100,25-34,twitter,reel,3.7,Porur,sometimes
753,2023-02-28,CUST753,female,32,clothing,1,30,30,25-34,youtube,reel,2.6,Anna Nagar,sometimes
754,2023-10-16,CUST754,female,43,electronics,4,25,100,35-50,youtube,video,2.2,OMR,rarely
755,2023-04-22,CUST755,female,58,clothing,3,25,75,50+,youtube,video,2.4,Anna Nagar,rarely
756,2023-08-27,CUST756,female,62,electronics,4,300,1200,50+,twitter,reel,1.4,T Nagar,rarely
757,2023-12-25,CUST757,female,43,electronics,4,300,1200,35-50,twitter,reel,2.4,T Nagar,rarely
758,2023-05-12,CUST758,male,64,clothing,4,25,100,50+,twitter,shorts,2.3,Anna Nagar,rarely
759,2023-07-08,CUST759,male,49,electronics,2,50,100,35-50,instagram,video,2.9,Velachery,sometimes
760,2023-03-27,CUST760,male,27,beauty,1,500,500,25-34,twitter,shorts,2.2,Tambaram,sometimes
761,2023-11-07,CUST761,female,33,clothing,1,500,500,25-34,instagram,shorts,2.4,T Nagar,sometimes
762,2023-11-07,CUST762,female,24,electronics,2,25,50,18-24,instagram,reel,3.0,OMR,often
763,2023-02-28,CUST763,male,34,clothing,2,25,50,25-34,instagram,reel,3.6,Adyar,sometimes
764,2023-03-25,CUST764,female,40,clothing,1,25,25,35-50,twitter,shorts,2.4,Anna Nagar,rarely
765,2023-06-09,CUST765,male,43,clothing,4,50,200,35-50,youtube,reel,1.8,Velachery,rarely
766,2023-02-25,CUST766,male,38,electronics,3,300,900,35-50,twitter,video,3.4,Anna Nagar,sometimes
767,2023-10-24,CUST767,male,39,beauty,3,25,75,35-50,instagram,shorts,2.6,Adyar,sometimes
768,2023-01-14,CUST768,female,24,beauty,3,25,75,18-24,youtube,shorts,3.6,Velachery,often
769,2023-06-09,CUST769,female,31,electronics,4,30,120,25-34,instagram,video,3.3,T Nagar,sometimes
770,2023-10-22,CUST770,male,32,clothing,1,50,50,25-34,twitter,reel,3.7,T Nagar,sometimes
771,2023-12-13,CUST771,male,24,electronics,2,25,50,18-24,instagram,video,3.2,Adyar,often
772,2023-07-12,CUST772,male,26,electronics,1,30,30,25-34,twitter,shorts,2.7,Porur,sometimes
773,2023-07-23,CUST773,male,25,electronics,4,500,2000,25-34,instagram,reel,4.0,Anna Nagar,often
774,2023-04-12,CUST774,female,40,clothing,2,25,50,35-50,youtube,video,2.4,OMR,rarely
775,2023-02-08,CUST775,female,46,electronics,4,25,100,35-50,instagram,shorts,2.6,OMR,sometimes
776,2023-10-31,CUST776,male,35,clothing,3,30,90,35-50,youtube,reel,2.4,Nungambakkam,rarely
777,2023-12-20,CUST777,male,48,electronics,3,50,150,35-50,youtube,shorts,1.6,Tambaram,rarely
778,2023-11-18,CUST778,female,47,beauty,4,25,100,35-50,twitter,reel,1.8,Adyar,rarely
779,2023-05-05,CUST779,female,56,electronics,2,500,1000,50+,twitter,video,1.7,OMR,rarely
780,2023-02-22,CUST780,male,52,electronics,2,25,50,50+,twitter,reel,1.3,Porur,rarely
781,2023-12-23,CUST781,male,35,beauty,1,500,500,35-50,twitter,reel,1.6,Velachery,rarely
782,2023-06-04,CUST782,male,59,clothing,3,300,900,50+,twitter,video,2.3,Anna Nagar,rarely
783,2023-12-17,CUST783,female,56,clothing,1,300,300,50+,youtube,shorts,2.5,T Nagar,sometimes
784,2023-11-04,CUST784,female,34,electronics,1,500,500,25-34,instagram,shorts,4.0,Tambaram,often
785,2023-03-03,CUST785,female,31,beauty,4,50,200,25-34,instagram,shorts,4.1,Tambaram,often
786,2023-10-17,CUST786,male,48,clothing,4,25,100,35-50,instagram,video,2.0,T Nagar,rarely
787,2023-01-22,CUST787,male,41,electronics,1,25,25,35-50,twitter,shorts,3.4,Adyar,sometimes
788,2023-06-27,CUST788,female,52,beauty,3,300,900,50+,youtube,shorts,1.3,Velachery,rarely
789,2023-09-30,CUST789,female,61,clothing,4,500,2000,50+,youtube,reel,2.4,T Nagar,rarely
790,2023-08-08,CUST790,male,62,clothing,1,25,25,50+,instagram,shorts,2.5,Nungambakkam,sometimes
791,2023-12-05,CUST791,female,51,beauty,1,25,25,50+,youtube,reel,2.1,Anna Nagar,rarely
792,2023-07-09,CUST792,female,20,beauty,1,50,50,18-24,tiktok,shorts,5.5,T Nagar,often
793,2023-02-05,CUST793,male,54,beauty,1,30,30,50+,twitter,shorts,1.9,Adyar,rarely
794,2023-09-17,CUST794,female,60,beauty,1,300,300,50+,twitter,shorts,1.4,OMR,rarely
795,2023-11-28,CUST795,male,57,electronics,1,300,300,50+,youtube,video,1.7,T Nagar,rarely
796,2023-06-24,CUST796,male,43,beauty,4,30,120,35-50,instagram,reel,2.7,OMR,sometimes
797,2023-01-07,CUST797,male,40,clothing,3,25,75,35-50,instagram,shorts,1.6,Adyar,rarely
798,2023-08-04,CUST798,male,61,clothing,1,50,50,50+,twitter,reel,1.9,T Nagar,rarely
799,2023-09-08,CUST799,male,56,electronics,2,50,100,50+,twitter,video,2.5,T Nagar,sometimes
800,2023-02-24,CUST800,male,32,clothing,4,300,1200,25-34,twitter,reel,2.5,Adyar,sometimes
801,2023-08-10,CUST801,male,21,clothing,4,50,200,18-24,tiktok,video,5.0,Anna Nagar,often
802,2023-07-05,CUST802,female,46,beauty,1,30,30,35-50,youtube,shorts,3.3,Nungambakkam,sometimes
803,2023-11-22,CUST803,male,39,clothing,4,25,100,35-50,twitter,reel,3.4,Tambaram,sometimes
804,2023-08-24,CUST804,male,42,electronics,1,30,30,35-50,twitter,video,3.4,Nungambakkam,sometimes
805,2023-12-29,CUST805,female,30,beauty,3,500,1500,25-34,youtube,reel,3.3,Anna Nagar,sometimes
806,2023-03-20,CUST806,female,35,beauty,3,300,900,35-50,twitter,live stream,3.5,Nungambakkam,sometimes
807,2023-08-11,CUST807,female,50,electronics,4,50,200,35-50,instagram,shorts,3.0,Velachery,sometimes
808,2023-04-01,CUST808,male,33,beauty,4,500,2000,25-34,twitter,reel,2.4,Anna Nagar,sometimes
809,2023-09-25,CUST809,female,62,beauty,2,50,100,50+,youtube,reel,1.7,T Nagar,rarely
810,2023-11-30,CUST810,male,59,electronics,4,25,100,50+,youtube,video,2.1,T Nagar,rarely
811,2023-05-19,CUST811,male,61,beauty,2,25,50,50+,instagram,shorts,1.4,OMR,rarely
812,2023-11-12,CUST812,male,19,electronics,3,25,75,18-24,youtube,shorts,4.6,Velachery,often
813,2023-10-03,CUST813,male,52,electronics,3,50,150,50+,youtube,video,2.0,Anna Nagar,rarely
814,2023-09-05,CUST814,female,59,clothing,1,500,500,50+,instagram,reel,1.2,Adyar,rarely
815,2023-08-27,CUST815,female,51,clothing,3,25,75,50+,instagram,reel,1.8,Anna Nagar,rarely
816,2023-08-12,CUST816,male,47,beauty,2,500,1000,35-50,twitter,live stream,3.0,Adyar,sometimes
817,2023-10-31,CUST817,male,30,beauty,4,50,200,25-34,youtube,reel,3.2,Velachery,sometimes
818,2023-05-18,CUST818,male,30,electronics,1,500,500,25-34,youtube,shorts,2.0,Tambaram,sometimes
819,2023-06-15,CUST819,female,35,beauty,2,50,100,35-50,youtube,shorts,1.5,Tambaram,rarely
820,2023-05-06,CUST820,male,49,electronics,4,50,200,35-50,youtube,video,2.2,Velachery,rarely
821,2023-02-14,CUST821,male,49,electronics,1,300,300,35-50,instagram,video,3.4,Velachery,sometimes
822,2023-05-23,CUST822,female,52,beauty,3,50,150,50+,youtube,reel,1.3,Velachery,rarely
823,2023-08-19,CUST823,female,56,electronics,2,50,100,50+,youtube,shorts,2.0,Tambaram,rarely
824,2023-05-05,CUST824,male,63,clothing,4,30,120,50+,youtube,shorts,1.3,Anna Nagar,rarely
825,2023-08-26,CUST825,female,46,beauty,1,25,25,35-50,twitter,shorts,2.1,Anna Nagar,rarely
826,2023-10-19,CUST826,female,46,clothing,1,300,300,35-50,instagram,shorts,3.2,T Nagar,sometimes
827,2023-11-09,CUST827,male,61,beauty,3,300,900,50+,youtube,reel,2.1,Velachery,rarely
828,2023-12-09,CUST828,female,33,electronics,4,300,1200,25-34,instagram,reel,2.2,Velachery,sometimes
829,2023-07-14,CUST829,male,61,beauty,3,30,90,50+,twitter,live stream,1.6,Tambaram,rarely
830,2023-06-22,CUST830,female,64,clothing,3,50,150,50+,youtube,reel,1.0,Anna Nagar,rarely
831,2023-01-15,CUST831,male,27,electronics,4,25,100,25-34,instagram,reel,3.2,Velachery,sometimes
832,2023-09-11,CUST832,male,47,beauty,4,500,2000,35-50,twitter,shorts,2.8,Tambaram,sometimes
833,2023-06-16,CUST833,male,42,beauty,4,50,200,35-50,youtube,shorts,1.7,Tambaram,rarely
834,2023-04-04,CUST834,female,56,beauty,2,30,60,50+,youtube,shorts,1.4,Velachery,rarely
835,2023-09-07,CUST835,male,37,clothing,4,50,200,35-50,twitter,video,2.3,Velachery,rarely
836,2023-04-19,CUST836,female,22,clothing,1,50,50,18-24,tiktok,shorts,5.3,Anna Nagar,often
837,2023-07-01,CUST837,male,18,beauty,3,30,90,18-24,youtube,reel,5.5,Nungambakkam,often
838,2023-05-13,CUST838,male,47,electronics,2,300,600,35-50,youtube,video,1.6,T Nagar,rarely
839,2023-06-24,CUST839,female,20,electronics,4,300,1200,18-24,tiktok,reel,4.9,Nungambakkam,often
840,2023-05-24,CUST840,male,62,clothing,2,25,50,50+,twitter,reel,1.6,OMR,rarely
841,2023-11-02,CUST841,male,31,electronics,4,25,100,25-34,instagram,video,3.0,Adyar,sometimes
842,2023-12-26,CUST842,female,47,clothing,2,300,600,35-50,twitter,reel,3.0,T Nagar,sometimes
843,2023-05-22,CUST843,male,21,beauty,3,500,1500,18-24,instagram,reel,5.3,Velachery,often
844,2023-10-12,CUST844,male,35,clothing,3,50,150,35-50,instagram,shorts,3.4,Velachery,sometimes
845,2023-01-06,CUST845,male,54,clothing,1,500,500,50+,youtube,video,1.9,T Nagar,rarely
846,2023-09-22,CUST846,male,42,beauty,1,50,50,35-50,twitter,reel,2.2,OMR,rarely
847,2023-04-08,CUST847,female,18,electronics,4,300,1200,18-24,instagram,video,5.0,Nungambakkam,often
848,2023-02-13,CUST848,female,63,clothing,3,25,75,50+,instagram,reel,1.4,Adyar,rarely
849,2023-05-04,CUST849,male,32,clothing,2,25,50,25-34,youtube,video,3.4,OMR,sometimes
850,2023-07-28,CUST850,female,26,beauty,2,500,1000,25-34,youtube,shorts,2.9,T Nagar,sometimes
851,2023-09-08,CUST851,male,32,electronics,2,25,50,25-34,instagram,video,3.6,Velachery,sometimes
852,2023-10-12,CUST852,female,41,clothing,1,300,300,35-50,twitter,video,2.0,T Nagar,rarely
853,2023-05-04,CUST853,male,21,beauty,2,500,1000,18-24,instagram,live stream,3.5,Adyar,often
854,2023-12-20,CUST854,male,29,clothing,1,50,50,25-34,twitter,video,4.3,Nungambakkam,often
855,2023-09-01,CUST855,male,54,beauty,1,25,25,50+,youtube,live stream,1.2,OMR,rarely
856,2023-11-27,CUST856,male,54,electronics,4,30,120,50+,youtube,video,1.8,T Nagar,rarely
857,2023-12-31,CUST857,male,60,electronics,2,25,50,50+,youtube,shorts,1.3,Velachery,rarely
858,2023-09-09,CUST858,male,23,electronics,2,50,100,18-24,tiktok,video,3.1,Adyar,often
859,2023-08-18,CUST859,female,56,electronics,3,500,1500,50+,twitter,reel,1.1,Velachery,rarely
860,2023-01-09,CUST860,male,63,clothing,4,50,200,50+,youtube,shorts,1.3,Tambaram,rarely
861,2023-02-17,CUST861,female,41,clothing,3,30,90,35-50,instagram,shorts,3.2,Tambaram,sometimes
862,2023-05-31,CUST862,male,28,electronics,4,300,1200,25-34,youtube,shorts,2.7,Adyar,sometimes
863,2023-04-24,CUST863,female,30,electronics,2,25,50,25-34,youtube,video,4.4,Velachery,often
864,2023-07-27,CUST864,female,51,electronics,1,500,500,50+,youtube,shorts,1.9,Anna Nagar,rarely
865,2023-12-21,CUST865,female,42,clothing,1,300,300,35-50,twitter,video,2.4,T Nagar,rarely
866,2023-05-05,CUST866,male,24,electronics,1,50,50,18-24,tiktok,reel,4.5,Velachery,often
867,2023-06-06,CUST867,male,21,electronics,1,500,500,18-24,instagram,video,4.3,Velachery,often
868,2023-12-06,CUST868,female,25,electronics,1,300,300,25-34,instagram,video,3.9,OMR,sometimes
869,2023-10-25,CUST869,male,37,beauty,3,500,1500,35-50,instagram,reel,2.1,OMR,rarely
870,2023-07-08,CUST870,female,46,electronics,4,30,120,35-50,instagram,shorts,2.2,T Nagar,rarely
871,2023-08-31,CUST871,male,62,beauty,2,30,60,50+,youtube,live stream,2.3,Velachery,rarely
872,2023-10-11,CUST872,female,63,beauty,3,25,75,50+,youtube,reel,2.4,T Nagar,rarely
873,2023-09-29,CUST873,female,27,electronics,4,25,100,25-34,youtube,shorts,4.2,T Nagar,often
874,2023-06-26,CUST874,male,60,beauty,1,30,30,50+,youtube,live stream,1.6,Tambaram,rarely
875,2023-08-06,CUST875,female,51,electronics,4,500,2000,50+,youtube,shorts,2.2,T Nagar,rarely
876,2023-10-09,CUST876,male,43,clothing,4,30,120,35-50,youtube,shorts,2.5,Velachery,sometimes
877,2023-06-19,CUST877,female,58,clothing,1,25,25,50+,twitter,shorts,1.7,T Nagar,rarely
878,2023-06-30,CUST878,female,20,clothing,1,30,30,18-24,tiktok,shorts,3.5,Porur,often
879,2023-12-26,CUST879,male,23,clothing,1,30,30,18-24,instagram,reel,4.5,Adyar,often
880,2023-08-21,CUST880,male,22,beauty,2,500,1000,18-24,instagram,shorts,3.5,Anna Nagar,often
881,2023-05-19,CUST881,male,22,electronics,1,300,300,18-24,instagram,shorts,3.8,Adyar,often
882,2023-06-06,CUST882,female,64,electronics,2,25,50,50+,twitter,reel,2.3,OMR,rarely
883,2023-05-09,CUST883,male,40,electronics,1,500,500,35-50,youtube,shorts,1.9,Nungambakkam,rarely
884,2023-04-29,CUST884,female,26,clothing,2,30,60,25-34,instagram,shorts,2.2,Anna Nagar,sometimes
885,2023-03-03,CUST885,female,52,clothing,4,30,120,50+,twitter,reel,1.1,Porur,rarely
886,2023-04-09,CUST886,male,37,electronics,3,300,900,35-50,youtube,video,3.4,Nungambakkam,sometimes
887,2023-06-11,CUST887,male,59,clothing,4,25,100,50+,twitter,reel,1.8,Porur,rarely
888,2023-03-03,CUST888,female,52,electronics,4,25,100,50+,youtube,video,1.6,OMR,rarely
889,2023-10-02,CUST889,female,35,electronics,1,50,50,35-50,youtube,shorts,3.1,OMR,sometimes
890,2023-12-20,CUST890,male,34,electronics,2,25,50,25-34,instagram,reel,4.1,Velachery,often
891,2023-04-05,CUST891,male,41,electronics,3,300,900,35-50,twitter,video,2.2,Tambaram,rarely
892,2023-04-09,CUST892,male,20,electronics,1,50,50,18-24,youtube,video,4.7,Adyar,often
893,2023-04-21,CUST893,male,49,electronics,1,50,50,35-50,instagram,reel,3.0,OMR,sometimes
894,2023-09-05,CUST894,male,52,electronics,1,30,30,50+,youtube,video,2.0,Velachery,rarely
895,2023-05-22,CUST895,female,55,clothing,4,30,120,50+,twitter,shorts,1.2,OMR,rarely
896,2023-10-29,CUST896,female,30,electronics,2,25,50,25-34,instagram,shorts,4.2,Tambaram,often
897,2023-09-26,CUST897,female,64,electronics,2,50,100,50+,youtube,shorts,1.8,T Nagar,rarely
898,2023-11-02,CUST898,female,42,clothing,3,30,90,35-50,instagram,reel,2.1,Tambaram,rarely
899,2023-05-25,CUST899,male,26,clothing,2,300,600,25-34,instagram,reel,3.1,Adyar,sometimes
900,2023-02-21,CUST900,male,21,clothing,2,30,60,18-24,instagram,shorts,3.1,Tambaram,often
901,2023-04-10,CUST901,male,31,electronics,1,30,30,25-34,instagram,shorts,2.3,Velachery,sometimes
902,2023-06-01,CUST902,female,54,beauty,1,50,50,50+,youtube,reel,2.1,Velachery,rarely
903,2023-04-27,CUST903,female,51,beauty,4,50,200,50+,youtube,live stream,1.0,Porur,rarely
904,2023-07-04,CUST904,male,28,clothing,1,500,500,25-34,youtube,reel,3.0,Anna Nagar,sometimes
905,2023-04-02,CUST905,male,58,beauty,1,300,300,50+,youtube,shorts,1.8,Tambaram,rarely
906,2023-06-04,CUST906,female,20,clothing,1,50,50,18-24,youtube,reel,3.1,Velachery,often
907,2023-01-08,CUST907,female,45,electronics,1,25,25,35-50,instagram,reel,3.4,Adyar,sometimes
908,2023-12-29,CUST908,male,46,beauty,4,300,1200,35-50,youtube,reel,2.0,Anna Nagar,rarely
909,2023-10-01,CUST909,male,26,electronics,1,300,300,25-34,instagram,video,2.8,Adyar,sometimes
910,2023-03-06,CUST910,female,20,beauty,3,50,150,18-24,instagram,reel,3.8,Anna Nagar,often
911,2023-05-21,CUST911,male,42,electronics,3,300,900,35-50,twitter,video,2.0,T Nagar,rarely
912,2023-01-24,CUST912,male,51,beauty,3,50,150,50+,youtube,live stream,1.0,Anna Nagar,rarely
913,2023-01-28,CUST913,male,29,electronics,3,30,90,25-34,youtube,reel,3.8,T Nagar,sometimes
914,2023-10-11,CUST914,female,59,electronics,1,500,500,50+,youtube,video,2.5,Nungambakkam,sometimes
915,2023-05-30,CUST915,female,26,beauty,3,30,90,25-34,youtube,reel,2.6,Nungambakkam,sometimes
916,2023-12-24,CUST916,female,32,electronics,1,50,50,25-34,youtube,shorts,3.7,Velachery,sometimes
917,2023-03-06,CUST917,female,57,electronics,4,50,200,50+,youtube,reel,2.1,OMR,rarely
918,2023-11-23,CUST918,female,42,electronics,3,30,90,35-50,instagram,shorts,3.2,Anna Nagar,sometimes
919,2023-09-09,CUST919,female,22,beauty,2,25,50,18-24,youtube,reel,4.1,OMR,often
920,2023-02-22,CUST920,female,28,beauty,3,25,75,25-34,instagram,reel,2.8,Tambaram,sometimes
921,2023-01-07,CUST921,male,51,electronics,3,25,75,50+,instagram,shorts,1.5,Nungambakkam,rarely
922,2023-10-21,CUST922,male,41,electronics,1,50,50,35-50,twitter,video,2.9,Velachery,sometimes
923,2023-05-26,CUST923,male,32,beauty,3,300,900,25-34,twitter,shorts,4.0,Tambaram,often
924,2023-08-29,CUST924,male,55,beauty,2,50,100,50+,twitter,reel,1.3,Anna Nagar,rarely
925,2023-09-03,CUST925,male,25,electronics,1,300,300,25-34,youtube,shorts,2.9,Nungambakkam,sometimes
926,2023-08-14,CUST926,male,22,electronics,1,30,30,18-24,instagram,video,5.3,T Nagar,often
927,2023-06-24,CUST927,male,43,electronics,4,500,2000,35-50,youtube,shorts,3.1,Adyar,sometimes
928,2023-04-05,CUST928,female,35,clothing,4,300,1200,35-50,twitter,shorts,3.5,OMR,sometimes
929,2023-01-27,CUST929,female,23,beauty,3,25,75,18-24,tiktok,shorts,4.9,OMR,often
930,2023-05-10,CUST930,male,54,clothing,4,50,200,50+,youtube,reel,1.6,T Nagar,rarely
931,2023-09-02,CUST931,male,30,beauty,4,30,120,25-34,instagram,shorts,3.5,Nungambakkam,sometimes
932,2023-02-28,CUST932,female,45,beauty,4,25,100,35-50,instagram,shorts,2.8,T Nagar,sometimes
933,2023-02-03,CUST933,male,22,beauty,1,30,30,18-24,youtube,shorts,3.2,OMR,often
934,2023-07-25,CUST934,male,30,beauty,1,500,500,25-34,youtube,shorts,3.4,Anna Nagar,sometimes
935,2023-09-09,CUST935,female,34,beauty,1,50,50,25-34,instagram,shorts,3.8,Anna Nagar,sometimes
936,2023-02-07,CUST936,male,57,beauty,4,50,200,50+,youtube,live stream,1.3,Adyar,rarely
937,2023-10-23,CUST937,female,62,beauty,1,500,500,50+,youtube,reel,2.2,Velachery,rarely
938,2023-11-19,CUST938,male,49,clothing,4,50,200,35-50,instagram,video,2.7,T Nagar,sometimes
939,2023-12-18,CUST939,female,46,electronics,1,300,300,35-50,youtube,video,3.4,T Nagar,sometimes
940,2023-01-28,CUST940,female,20,electronics,1,30,30,18-24,tiktok,video,3.1,Velachery,often
941,2023-03-19,CUST941,female,57,clothing,2,25,50,50+,youtube,reel,1.4,Tambaram,rarely
942,2023-03-18,CUST942,male,51,clothing,3,500,1500,50+,twitter,reel,1.9,Porur,rarely
943,2023-10-16,CUST943,female,57,clothing,4,300,1200,50+,twitter,shorts,1.4,T Nagar,rarely
944,2023-06-05,CUST944,male,44,clothing,2,25,50,35-50,instagram,shorts,2.9,Velachery,sometimes
945,2023-02-13,CUST945,male,30,beauty,1,25,25,25-34,instagram,live stream,3.9,T Nagar,sometimes
946,2023-05-08,CUST946,male,62,electronics,4,500,2000,50+,youtube,shorts,1.2,T Nagar,rarely
947,2023-03-02,CUST947,male,50,beauty,1,300,300,35-50,youtube,reel,2.5,OMR,sometimes
948,2023-10-13,CUST948,female,23,electronics,3,25,75,18-24,youtube,video,4.3,Adyar,often
949,2023-08-02,CUST949,female,41,electronics,2,25,50,35-50,instagram,video,2.2,T Nagar,rarely
950,2023-11-07,CUST950,male,36,clothing,3,300,900,35-50,twitter,reel,3.4,Anna Nagar,sometimes
951,2023-11-02,CUST951,male,33,beauty,2,50,100,25-34,youtube,reel,4.1,T Nagar,often
952,2023-11-13,CUST952,female,57,clothing,1,25,25,50+,twitter,reel,2.0,Tambaram,rarely
953,2023-04-26,CUST953,male,45,beauty,3,30,90,35-50,youtube,shorts,2.9,Nungambakkam,sometimes
954,2023-09-25,CUST954,female,50,electronics,3,300,900,35-50,instagram,shorts,2.4,T Nagar,rarely
955,2023-07-14,CUST955,male,58,clothing,1,25,25,50+,youtube,video,2.4,Anna Nagar,rarely
956,2023-08-19,CUST956,male,30,clothing,3,500,1500,25-34,youtube,video,3.7,Porur,sometimes
957,2023-08-15,CUST957,female,60,electronics,4,30,120,50+,twitter,shorts,2.1,Porur,rarely
958,2023-06-02,CUST958,male,62,electronics,2,25,50,50+,youtube,video,2.3,Velachery,rarely
959,2023-10-29,CUST959,female,42,electronics,2,30,60,35-50,youtube,shorts,2.0,T Nagar,rarely
960,2023-08-08,CUST960,male,59,clothing,2,30,60,50+,twitter,shorts,2.2,T Nagar,rarely
961,2023-06-06,CUST961,male,53,beauty,4,50,200,50+,youtube,reel,1.3,Adyar,rarely
962,2023-10-19,CUST962,male,44,clothing,2,30,60,35-50,twitter,reel,2.2,Velachery,rarely
963,2023-11-14,CUST963,female,55,beauty,1,50,50,50+,youtube,live stream,1.5,T Nagar,rarely
964,2023-01-31,CUST964,male,24,clothing,3,300,900,18-24,instagram,reel,5.4,Adyar,often
965,2023-11-09,CUST965,male,22,clothing,4,50,200,18-24,instagram,shorts,5.1,T Nagar,often
966,2023-02-20,CUST966,male,60,electronics,2,500,1000,50+,youtube,shorts,2.1,Tambaram,rarely
967,2023-04-17,CUST967,male,62,beauty,1,25,25,50+,twitter,reel,2.1,Anna Nagar,rarely
968,2023-11-17,CUST968,female,48,clothing,3,300,900,35-50,youtube,reel,2.6,T Nagar,sometimes
969,2023-04-19,CUST969,female,40,clothing,3,300,900,35-50,twitter,reel,3.4,Adyar,sometimes
970,2023-05-16,CUST970,male,59,electronics,4,500,2000,50+,youtube,video,1.7,Velachery,rarely
971,2023-12-05,CUST971,female,27,electronics,4,50,200,25-34,youtube,video,3.0,Nungambakkam,sometimes
972,2023-02-11,CUST972,male,49,beauty,4,25,100,35-50,instagram,live stream,1.8,Adyar,rarely
973,2023-03-22,CUST973,male,60,clothing,1,50,50,50+,twitter,reel,2.2,Anna Nagar,rarely
974,2023-05-03,CUST974,male,47,beauty,1,30,30,35-50,youtube,shorts,3.0,OMR,sometimes
975,2023-03-30,CUST975,female,56,clothing,4,50,200,50+,youtube,reel,1.6,Anna Nagar,rarely
976,2023-10-10,CUST976,female,48,beauty,2,300,600,35-50,youtube,live stream,1.6,Porur,rarely
977,2023-02-08,CUST977,female,35,electronics,3,25,75,35-50,twitter,video,3.2,Velachery,sometimes
978,2023-03-22,CUST978,female,53,clothing,3,50,150,50+,youtube,reel,1.0,Adyar,rarely
979,2023-01-02,CUST979,female,19,beauty,1,25,25,18-24,tiktok,live stream,4.8,T Nagar,often
980,2023-07-29,CUST980,female,31,electronics,3,25,75,25-34,youtube,reel,4.4,Velachery,often
981,2023-08-19,CUST981,female,30,electronics,2,30,60,25-34,instagram,video,3.1,Tambaram,sometimes
982,2023-12-19,CUST982,female,46,beauty,3,30,90,35-50,instagram,live stream,2.0,Tambaram,rarely
983,2023-11-01,CUST983,female,29,clothing,1,300,300,25-34,instagram,shorts,3.8,Anna Nagar,sometimes
984,2023-08-29,CUST984,male,56,clothing,1,500,500,50+,youtube,shorts,2.2,Anna Nagar,rarely
985,2023-05-30,CUST985,female,19,electronics,2,25,50,18-24,tiktok,video,4.4,Tambaram,often
986,2023-01-17,CUST986,female,49,clothing,2,500,1000,35-50,twitter,reel,3.4,Nungambakkam,sometimes
987,2023-04-29,CUST987,female,30,clothing,3,300,900,25-34,youtube,shorts,2.1,T Nagar,sometimes
988,2023-05-28,CUST988,female,63,clothing,3,25,75,50+,youtube,shorts,1.8,Velachery,rarely
989,2023-12-28,CUST989,female,44,electronics,1,25,25,35-50,youtube,video,2.9,Anna Nagar,sometimes
990,2023-05-25,CUST990,female,58,beauty,2,500,1000,50+,instagram,shorts,2.3,Porur,rarely
991,2023-12-26,CUST991,female,34,clothing,2,50,100,25-34,twitter,shorts,2.4,T Nagar,sometimes
992,2023-08-21,CUST992,female,57,electronics,2,30,60,50+,twitter,video,2.2,Anna Nagar,rarely
993,2023-02-06,CUST993,female,48,electronics,3,50,150,35-50,youtube,shorts,2.6,Tambaram,sometimes
994,2023-12-18,CUST994,female,51,beauty,2,500,1000,50+,twitter,reel,1.6,T Nagar,rarely
995,2023-04-30,CUST995,female,41,clothing,1,30,30,35-50,youtube,shorts,1.8,Velachery,rarely
996,2023-05-16,CUST996,male,62,clothing,1,50,50,50+,youtube,shorts,2.3,Velachery,rarely
997,2023-11-17,CUST997,male,52,beauty,3,30,90,50+,instagram,live stream,1.2,Anna Nagar,rarely
998,2023-10-29,CUST998,female,23,beauty,4,25,100,18-24,instagram,reel,3.8,Velachery,often
999,2023-12-05,CUST999,female,36,electronics,3,50,150,35-50,instagram,video,2.1,Adyar,rarely
1000,2023-04-12,CUST1000,male,47,electronics,4,30,120,35-50,twitter,video,3.2,T Nagar,sometimes
