post_id,post_date,platform,hashtag,content_type,region,views,likes,shares,comments,engagement_level,age_group,locality
Post_2,2022-05-13,instagram,education,shorts,india,4155940,215240,65860,27239,medium,18-24,Porur
Post_9,2022-09-01,twitter,education,live stream,india,2169523,496078,96041,30174,medium,25-34,T Nagar
Post_10,2023-01-01,tiktok,gaming,shorts,india,3898384,8634,69378,42700,low,35-50,T Nagar
Post_27,2023-05-14,instagram,gaming,video,india,4369260,212278,21264,18172,low,18-24,Velachery
Post_38,2023-07-15,instagram,dance,video,india,1367820,10794,7617,36639,medium,35-50,Anna Nagar
Post_41,2022-03-03,twitter,education,reel,india,4380015,355402,41860,42729,high,18-24,Adyar
Post_48,2023-11-07,instagram,dance,live stream,india,2212857,74624,24137,35546,medium,25-34,Porur
Post_63,2023-02-23,tiktok,dance,tweet,india,2601441,93254,55921,48758,low,35-50,Nungambakkam
Post_74,2022-06-12,tiktok,music,post,india,3647159,216783,79133,7687,high,18-24,OMR
Post_76,2023-05-12,instagram,dance,tweet,india,1796369,145118,68421,16720,high,18-24,Tambaram
Post_77,2022-05-10,twitter,fitness,shorts,india,1535141,15408,23087,23147,medium,18-24,Adyar
Post_81,2022-07-31,instagram,challenge,shorts,india,4290853,211176,66264,14337,medium,25-34,Anna Nagar
Post_87,2022-12-28,twitter,gaming,post,india,1908555,194688,34182,3500,high,25-34,Adyar
Post_92,2022-07-08,twitter,comedy,post,india,4567233,66980,96596,49121,low,25-34,Adyar
Post_96,2023-04-14,tiktok,music,reel,india,1347102,274212,15298,28342,high,18-24,OMR
Post_104,2023-05-24,instagram,music,tweet,india,3588997,241125,65026,30917,medium,18-24,Anna Nagar
Post_119,2022-05-25,youtube,tech,shorts,india,2920650,416403,56902,2675,low,13-17,Velachery
Post_122,2022-07-30,youtube,comedy,live stream,india,4927173,22341,38730,42476,medium,18-24,Velachery
Post_132,2023-02-24,youtube,education,video,india,3487375,107303,83451,45313,high,25-34,Nungambakkam
Post_133,2023-01-14,tiktok,dance,tweet,india,3418884,311286,82479,7832,high,35-50,Velachery
Post_139,2023-04-16,instagram,music,video,india,3488909,443844,19877,22056,low,25-34,Tambaram
Post_144,2023-10-04,twitter,comedy,shorts,india,50082,70708,277,25036,low,25-34,Tambaram
Post_148,2022-05-31,tiktok,comedy,reel,india,4179125,94325,72341,7328,low,50+,Anna Nagar
Post_157,2022-09-13,twitter,fitness,reel,india,2114283,462542,14404,37153,low,35-50,Adyar
Post_159,2022-12-02,tiktok,gaming,post,india,1246500,471547,15048,40514,high,35-50,Porur
Post_161,2022-07-26,twitter,gaming,tweet,india,400424,56569,59897,49341,medium,25-34,Velachery
Post_170,2023-01-24,twitter,education,video,india,4459268,356292,52389,33857,low,18-24,Nungambakkam
Post_190,2022-07-25,tiktok,education,reel,india,479620,337321,99486,26524,medium,13-17,Anna Nagar
Post_194,2023-08-31,tiktok,education,reel,india,2488223,177673,86535,39991,low,25-34,T Nagar
Post_197,2022-07-21,instagram,fashion,reel,india,907575,42770,5219,47956,low,13-17,Porur
Post_211,2023-10-23,tiktok,fitness,shorts,india,1580449,299597,35471,1908,high,18-24,Tambaram
Post_212,2023-02-19,instagram,dance,tweet,india,4764800,52536,65976,47528,medium,18-24,Nungambakkam
Post_219,2023-04-17,twitter,dance,tweet,india,89968,450376,40577,19844,medium,25-34,OMR
Post_221,2022-05-31,twitter,viral,shorts,india,306511,404600,32664,35337,medium,25-34,Nungambakkam
Post_241,2022-10-29,youtube,viral,shorts,india,920528,400658,58158,26810,high,18-24,Tambaram
Post_282,2022-01-15,twitter,gaming,tweet,india,791211,251591,9900,36509,high,25-34,Tambaram
Post_284,2022-11-05,instagram,fitness,tweet,india,1966067,136472,63614,18304,medium,25-34,Adyar
Post_286,2022-02-20,twitter,comedy,live stream,india,4914869,200375,2393,37178,medium,50+,Velachery
Post_296,2022-01-14,tiktok,fitness,live stream,india,4820393,44861,86973,46410,medium,25-34,Nungambakkam
Post_308,2022-09-13,instagram,education,video,india,1333000,426321,26174,27048,medium,35-50,Velachery
Post_315,2022-01-23,youtube,comedy,post,india,567506,90799,30845,11229,medium,35-50,Adyar
Post_320,2023-06-24,twitter,fashion,tweet,india,2298278,202870,25710,3153,low,25-34,Velachery
Post_337,2022-02-03,tiktok,music,reel,india,4047898,375210,72728,40390,medium,18-24,Adyar
Post_365,2022-10-23,twitter,challenge,shorts,india,3128393,105546,30995,41182,medium,35-50,Velachery
Post_371,2022-07-16,instagram,gaming,video,india,4659521,103924,29063,38288,medium,25-34,T Nagar
Post_381,2022-06-23,tiktok,gaming,tweet,india,1572385,2798,3479,39467,low,25-34,Porur
Post_402,2022-02-15,twitter,education,reel,india,2319248,419303,18861,44765,low,25-34,Velachery
Post_416,2022-03-23,twitter,music,tweet,india,17826,347482,13497,25800,medium,25-34,Adyar
Post_426,2022-01-12,youtube,gaming,post,india,1376828,271019,78128,31233,medium,18-24,T Nagar
Post_431,2023-09-24,twitter,gaming,video,india,40081,388209,72017,26138,medium,25-34,T Nagar
Post_442,2023-07-28,youtube,education,tweet,india,4649706,330323,14225,34904,high,18-24,Anna Nagar
Post_445,2023-11-29,tiktok,fitness,reel,india,1742308,243400,13662,22362,high,25-34,OMR
Post_446,2022-04-03,twitter,education,post,india,3474219,495721,38652,41799,low,18-24,T Nagar
Post_447,2022-10-31,instagram,gaming,live stream,india,3335657,417475,40236,4254,low,13-17,Porur
Post_463,2022-06-09,instagram,dance,shorts,india,1926503,103365,58675,33276,high,18-24,Anna Nagar
Post_471,2022-11-25,youtube,tech,tweet,india,4867109,249339,46801,20110,medium,25-34,Anna Nagar
Post_477,2023-09-27,youtube,fitness,live stream,india,4473535,329945,58746,11543,low,25-34,T Nagar
Post_479,2023-06-01,twitter,fitness,reel,india,3033602,338637,28669,36429,low,18-24,T Nagar
Post_517,2023-01-05,youtube,gaming,tweet,india,1437913,199931,59221,837,low,25-34,Tambaram
Post_518,2022-03-09,youtube,challenge,post,india,514808,83217,39130,31901,low,18-24,Porur
Post_519,2022-09-16,twitter,challenge,live stream,india,3402798,5693,23769,1821,high,50+,Adyar
Post_533,2022-06-24,instagram,comedy,shorts,india,4854685,134680,43340,2898,high,35-50,T Nagar
Post_535,2022-04-21,youtube,dance,tweet,india,4767251,423291,97889,42439,medium,25-34,Anna Nagar
Post_548,2023-09-09,youtube,tech,live stream,india,3520520,205027,91912,23644,medium,18-24,Velachery
Post_570,2022-01-28,tiktok,challenge,reel,india,137563,40490,5847,43200,medium,25-34,Nungambakkam
Post_581,2023-01-25,youtube,dance,tweet,india,4563829,352053,35563,33451,high,13-17,Anna Nagar
Post_583,2022-05-22,twitter,comedy,reel,india,977370,157911,30071,2947,low,25-34,OMR
Post_598,2023-12-28,instagram,dance,video,india,3469085,404702,36285,25629,medium,18-24,Velachery
Post_600,2022-07-18,twitter,tech,reel,india,1785067,468653,40159,15054,low,50+,Anna Nagar
Post_605,2023-10-21,instagram,fashion,tweet,india,3660613,40261,23562,5633,high,13-17,Velachery
Post_609,2023-02-07,tiktok,fitness,tweet,india,3722792,275554,76015,15183,high,25-34,T Nagar
Post_621,2023-08-10,instagram,dance,reel,india,165577,133518,14606,30419,medium,25-34,Tambaram
Post_625,2022-04-17,twitter,viral,video,india,4318612,93657,95512,16193,high,25-34,Anna Nagar
Post_635,2022-11-13,twitter,education,reel,india,1542718,247218,93341,45447,low,18-24,OMR
Post_636,2022-12-21,instagram,music,shorts,india,2696673,362090,41445,36790,low,50+,T Nagar
Post_646,2023-04-13,twitter,challenge,post,india,2295070,248874,47414,16088,low,25-34,Nungambakkam
Post_652,2022-09-19,instagram,comedy,tweet,india,1161779,21780,4078,38033,medium,25-34,T Nagar
Post_673,2023-09-30,twitter,challenge,live stream,india,336222,418056,57939,15028,high,18-24,Porur
Post_688,2022-07-16,instagram,comedy,live stream,india,4827016,404958,45968,18554,medium,18-24,Tambaram
Post_718,2023-09-13,tiktok,fashion,live stream,india,3698927,457765,94363,41251,low,18-24,Nungambakkam
Post_734,2023-02-25,twitter,music,video,india,3975932,487279,1526,5159,medium,18-24,Velachery
Post_735,2023-04-06,youtube,challenge,reel,india,4214946,464542,72129,43148,medium,18-24,OMR
Post_738,2023-09-12,instagram,music,shorts,india,3287384,381894,81089,14284,medium,35-50,Velachery
Post_741,2023-06-17,instagram,dance,shorts,india,1418058,404349,98335,45229,low,18-24,T Nagar
Post_750,2023-02-18,twitter,gaming,post,india,3575067,404847,77440,9922,low,18-24,Velachery
Post_769,2023-11-02,youtube,gaming,post,india,576289,450371,11973,13527,low,25-34,T Nagar
Post_787,2022-06-06,youtube,dance,post,india,742028,460869,67942,7677,high,35-50,Nungambakkam
Post_798,2022-10-19,instagram,comedy,post,india,3538605,454950,72220,19322,low,13-17,T Nagar
Post_811,2023-08-28,twitter,dance,live stream,india,468808,140236,73449,7034,high,25-34,Adyar
Post_814,2023-04-09,instagram,dance,video,india,4214277,491365,16797,37101,medium,13-17,OMR
Post_817,2022-08-09,instagram,gaming,reel,india,591094,112899,37633,24431,high,13-17,Adyar
Post_824,2022-11-27,instagram,viral,reel,india,947923,487612,46542,10658,low,13-17,OMR
Post_830,2022-01-12,twitter,fitness,live stream,india,2552020,45301,86964,1054,medium,35-50,T Nagar
Post_834,2023-12-04,instagram,challenge,shorts,india,4613593,197157,10941,47136,high,13-17,Adyar
Post_840,2023-02-12,youtube,fashion,post,india,4356591,67603,24821,21031,low,13-17,Anna Nagar
Post_842,2023-05-04,youtube,challenge,live stream,india,4841421,339554,33055,48880,high,25-34,Nungambakkam
Post_847,2023-04-02,instagram,education,video,india,735190,421586,62738,38778,low,35-50,Tambaram
Post_860,2022-09-07,twitter,gaming,reel,india,1929226,300187,53229,25999,high,18-24,Nungambakkam
Post_866,2022-02-26,instagram,tech,post,india,4363523,488878,8230,3369,low,18-24,T Nagar
Post_875,2023-08-15,youtube,education,tweet,india,2611693,119401,62682,25971,high,13-17,Anna Nagar
Post_876,2022-02-05,youtube,fitness,post,india,777206,279969,17264,9519,high,25-34,T Nagar
Post_880,2022-02-23,tiktok,tech,post,india,2783900,290747,64651,21853,low,25-34,T Nagar
Post_888,2023-07-05,tiktok,tech,tweet,india,4069490,363061,74985,765,medium,25-34,Anna Nagar
Post_896,2023-12-26,tiktok,tech,shorts,india,2434680,120094,59075,15931,low,18-24,OMR
Post_920,2022-10-20,tiktok,fitness,post,india,1265641,256012,70345,37884,high,18-24,Anna Nagar
Post_924,2023-04-26,instagram,dance,video,india,247234,296015,55319,39566,low,13-17,Adyar
Post_979,2022-01-11,twitter,music,video,india,1803388,484300,31088,15886,medium,25-34,Porur
Post_986,2023-04-12,instagram,comedy,video,india,2109687,81944,74586,22335,high,13-17,OMR
Post_1018,2023-02-20,tiktok,dance,shorts,india,1373399,241489,20322,23441,medium,25-34,Velachery
Post_1031,2022-11-04,instagram,comedy,live stream,india,2350338,117930,10242,49338,medium,50+,Velachery
Post_1036,2023-05-10,instagram,challenge,reel,india,1939855,270361,16051,48568,medium,50+,Velachery
Post_1037,2022-02-14,twitter,gaming,tweet,india,3725275,304621,39355,21276,medium,35-50,T Nagar
Post_1039,2022-03-20,tiktok,music,reel,india,2404354,337049,40767,13246,high,25-34,OMR
Post_1049,2022-08-09,instagram,fashion,tweet,india,454490,367108,6386,33172,low,25-34,Velachery
Post_1051,2022-10-19,twitter,gaming,shorts,india,655507,247570,68972,23701,medium,18-24,Porur
Post_1059,2022-10-14,instagram,tech,live stream,india,4031260,489680,10003,38423,high,25-34,Tambaram
Post_1065,2023-02-20,instagram,gaming,reel,india,3147828,488798,11213,28108,low,18-24,Adyar
Post_1089,2022-04-28,instagram,education,video,india,2780722,130632,4458,42849,medium,18-24,Velachery
Post_1096,2023-06-27,youtube,education,post,india,2091486,222248,78214,42629,high,35-50,Anna Nagar
Post_1108,2023-10-07,youtube,education,video,india,2592595,237876,33780,36343,high,18-24,Tambaram
Post_1112,2023-08-03,youtube,dance,shorts,india,2293007,93269,84008,11949,medium,18-24,Velachery
Post_1114,2022-03-15,youtube,viral,live stream,india,660930,336481,11129,35123,low,50+,Anna Nagar
Post_1115,2022-07-20,tiktok,comedy,live stream,india,790471,245250,99730,49881,medium,13-17,T Nagar
Post_1123,2022-02-16,youtube,dance,video,india,3873103,121317,4727,38875,medium,25-34,T Nagar
Post_1125,2023-05-11,youtube,tech,video,india,3722406,295942,27878,47869,medium,50+,Tambaram
Post_1126,2022-08-23,youtube,dance,video,india,2975095,449386,33351,13313,high,25-34,Anna Nagar
Post_1133,2022-03-22,instagram,viral,live stream,india,4121250,73511,93273,36056,medium,18-24,Adyar
Post_1143,2022-11-08,tiktok,comedy,post,india,3484442,290461,51999,5863,high,18-24,Velachery
Post_1148,2023-07-05,youtube,education,shorts,india,1050909,258178,5642,13315,low,18-24,Adyar
Post_1162,2023-05-15,twitter,fashion,reel,india,963339,243870,4291,30134,low,35-50,Porur
Post_1166,2023-11-02,twitter,challenge,live stream,india,209672,221957,65127,34835,medium,25-34,Porur
Post_1184,2023-01-15,twitter,fitness,video,india,1588694,85453,32995,47809,low,25-34,Velachery
Post_1192,2023-02-20,tiktok,music,video,india,1154890,242791,31594,24465,low,13-17,T Nagar
Post_1194,2022-09-30,twitter,gaming,post,india,950724,371343,52165,30174,medium,13-17,Velachery
Post_1209,2022-06-08,instagram,gaming,tweet,india,3589308,407373,70852,20849,high,50+,Adyar
Post_1226,2022-10-26,instagram,tech,reel,india,2904623,210629,93645,25652,high,18-24,Adyar
Post_1243,2022-08-30,tiktok,gaming,post,india,690673,437322,28171,24122,medium,25-34,OMR
Post_1252,2022-07-01,youtube,challenge,reel,india,1358058,300720,59766,43145,medium,13-17,T Nagar
Post_1253,2023-03-03,tiktok,tech,tweet,india,2606224,69943,67574,13284,medium,25-34,OMR
Post_1260,2023-12-20,twitter,tech,shorts,india,1723036,269685,15870,11719,low,50+,T Nagar
Post_1275,2023-04-12,instagram,challenge,shorts,india,4618662,1774,38568,31300,low,25-34,Tambaram
Post_1278,2023-11-27,instagram,fashion,post,india,136708,9741,60279,1977,medium,13-17,Anna Nagar
Post_1286,2022-12-14,youtube,education,shorts,india,2561337,468506,33962,5509,low,25-34,OMR
Post_1292,2022-07-20,youtube,challenge,post,india,2764814,67913,48844,32596,low,35-50,T Nagar
Post_1301,2023-02-01,twitter,comedy,post,india,3264905,287339,75893,22514,low,25-34,Velachery
Post_1307,2022-05-22,tiktok,challenge,shorts,india,804183,164716,88378,8578,medium,35-50,OMR
Post_1308,2023-09-16,twitter,music,reel,india,278830,96874,13638,40689,medium,25-34,Anna Nagar
Post_1321,2023-03-09,instagram,fashion,live stream,india,739337,157550,81164,9915,medium,35-50,Tambaram
Post_1325,2022-07-16,twitter,dance,reel,india,1190740,213240,94333,16398,medium,25-34,OMR
Post_1355,2022-10-01,instagram,comedy,live stream,india,4880933,424044,36411,15765,low,13-17,Adyar
Post_1358,2022-07-01,twitter,tech,shorts,india,3671946,28063,80288,21251,low,25-34,Velachery
Post_1361,2023-03-03,youtube,viral,video,india,1449220,225649,39904,16363,low,18-24,Velachery
Post_1373,2022-09-13,instagram,comedy,reel,india,2744810,30544,94790,20833,medium,35-50,Adyar
Post_1379,2023-10-20,instagram,education,reel,india,3262393,454181,90442,5100,low,25-34,Velachery
Post_1393,2022-12-30,tiktok,challenge,shorts,india,1122575,36002,75771,49277,medium,25-34,OMR
Post_1404,2023-07-29,youtube,tech,tweet,india,4883178,104079,97157,25266,medium,18-24,Velachery
Post_1413,2023-05-13,youtube,gaming,live stream,india,4596667,27747,18462,49929,medium,18-24,Anna Nagar
Post_1420,2022-10-04,instagram,viral,post,india,1834220,276597,79599,22457,low,25-34,Anna Nagar
Post_1421,2022-05-28,youtube,fitness,video,india,3627837,118275,97590,15628,medium,25-34,T Nagar
Post_1435,2023-11-23,tiktok,music,live stream,india,494177,74495,51341,20363,medium,18-24,Anna Nagar
Post_1446,2022-12-02,tiktok,fitness,live stream,india,3654157,446765,960,10338,low,25-34,OMR
Post_1461,2023-06-11,tiktok,tech,live stream,india,2412395,496981,33360,46462,high,13-17,Tambaram
Post_1465,2022-10-16,youtube,fitness,shorts,india,4995243,198754,50261,36892,medium,18-24,Anna Nagar
Post_1472,2022-05-13,tiktok,education,live stream,india,1325071,32968,51401,6451,high,18-24,Nungambakkam
Post_1474,2023-05-21,twitter,education,reel,india,3918763,377071,94228,18967,low,18-24,Adyar
Post_1476,2023-04-28,twitter,challenge,live stream,india,239932,144696,32439,22126,low,50+,Porur
Post_1477,2022-03-04,tiktok,viral,reel,india,1093638,160508,65534,14746,high,18-24,OMR
Post_1478,2022-12-21,instagram,viral,shorts,india,4459322,130429,41640,43576,high,13-17,OMR
Post_1483,2023-10-08,twitter,comedy,post,india,1491502,426504,12495,12223,low,18-24,T Nagar
Post_1486,2022-08-14,twitter,fashion,reel,india,1732622,439661,38668,776,high,35-50,Anna Nagar
Post_1488,2023-03-01,twitter,fitness,tweet,india,4833726,226063,96093,28087,medium,25-34,T Nagar
Post_1489,2022-05-11,youtube,music,post,india,1026032,380810,37630,25608,medium,25-34,OMR
Post_1521,2023-02-26,instagram,gaming,shorts,india,3433826,11737,47228,22379,medium,13-17,Anna Nagar
Post_1525,2022-11-22,youtube,fitness,reel,india,2632783,220230,80297,29046,medium,13-17,Tambaram
Post_1527,2023-03-14,twitter,gaming,post,india,2532021,335223,14017,24606,low,25-34,Anna Nagar
Post_1529,2022-12-18,instagram,tech,shorts,india,4854421,486650,86108,46638,medium,25-34,Tambaram
Post_1551,2023-08-28,youtube,viral,shorts,india,1151377,488602,78927,10780,high,35-50,T Nagar
Post_1554,2022-10-01,youtube,gaming,video,india,4334449,298421,27429,47285,medium,13-17,T Nagar
Post_1562,2022-09-30,twitter,gaming,tweet,india,1301521,96995,8034,37607,medium,25-34,Anna Nagar
Post_1572,2022-05-06,instagram,fitness,reel,india,4956932,128560,68871,43838,medium,35-50,Velachery
Post_1573,2022-04-15,twitter,tech,tweet,india,2131247,184490,46526,35734,high,25-34,Anna Nagar
Post_1578,2023-12-30,twitter,dance,post,india,295323,249791,34311,31083,high,35-50,Tambaram
Post_1579,2022-08-15,twitter,fitness,post,india,57621,424733,91384,26655,low,18-24,T Nagar
Post_1586,2023-10-14,tiktok,challenge,tweet,india,543860,495293,51511,22273,high,35-50,Velachery
Post_1594,2023-06-22,tiktok,comedy,reel,india,4174343,92667,67770,33150,high,25-34,Tambaram
Post_1617,2022-05-14,instagram,fitness,shorts,india,1876999,457119,16393,27762,medium,35-50,T Nagar
Post_1620,2022-07-16,tiktok,fashion,reel,india,1775119,140839,55814,25850,medium,25-34,Nungambakkam
Post_1626,2022-01-24,twitter,gaming,shorts,india,1904319,477329,16741,13594,low,25-34,Nungambakkam
Post_1633,2022-09-05,youtube,dance,live stream,india,4646660,449894,57521,37427,high,50+,T Nagar
Post_1634,2023-08-06,twitter,gaming,shorts,india,2479459,142403,78204,9039,high,18-24,Anna Nagar
Post_1637,2023-03-15,twitter,challenge,tweet,india,2812314,74309,1044,11855,high,25-34,Velachery
Post_1644,2022-08-19,tiktok,music,video,india,4855797,70587,33841,28587,high,25-34,Tambaram
Post_1663,2023-11-26,tiktok,music,live stream,india,1596995,92047,65455,20030,high,25-34,Adyar
Post_1670,2023-07-04,instagram,challenge,video,india,1087661,285688,15615,4887,medium,35-50,OMR
Post_1684,2022-03-17,twitter,gaming,video,india,4817464,309479,60716,22878,low,18-24,Tambaram
Post_1685,2022-06-04,youtube,comedy,post,india,676397,5615,87186,1127,low,35-50,T Nagar
Post_1686,2023-04-25,tiktok,music,video,india,2417845,324783,8835,5058,low,25-34,Tambaram
Post_1688,2023-07-31,twitter,fitness,live stream,india,3343066,210608,21075,3469,high,18-24,OMR
Post_1691,2023-08-20,tiktok,challenge,post,india,4830941,381524,86156,26172,low,18-24,Adyar
Post_1698,2022-04-04,tiktok,challenge,post,india,933613,305356,62697,4288,low,18-24,Porur
Post_1702,2022-06-14,tiktok,challenge,live stream,india,4348314,230560,3067,48962,low,18-24,OMR
Post_1707,2023-06-10,instagram,gaming,shorts,india,4510453,78761,81693,35386,high,50+,Anna Nagar
Post_1717,2023-04-22,twitter,gaming,video,india,3600830,286882,82806,18415,low,25-34,Velachery
Post_1720,2022-03-09,twitter,viral,video,india,4481057,435510,25727,7182,low,35-50,Velachery
Post_1723,2023-10-10,youtube,tech,shorts,india,3821922,425847,50387,18851,low,50+,T Nagar
Post_1725,2023-09-19,instagram,gaming,shorts,india,4798066,375356,7649,17000,low,18-24,Nungambakkam
Post_1728,2023-04-12,youtube,gaming,post,india,2592310,268149,6000,28800,high,35-50,T Nagar
Post_1734,2022-09-27,youtube,gaming,shorts,india,2598420,304484,19829,19545,low,25-34,OMR
Post_1736,2023-10-03,youtube,dance,post,india,770227,299966,67551,7360,high,35-50,Adyar
Post_1737,2022-01-27,twitter,education,reel,india,2805428,266431,48212,43658,low,18-24,T Nagar
Post_1746,2023-12-05,tiktok,education,tweet,india,1213903,313955,54987,27784,medium,35-50,Porur
Post_1759,2022-09-21,youtube,fashion,tweet,india,1136605,225684,16605,46318,low,18-24,Porur
Post_1760,2023-11-23,twitter,comedy,tweet,india,3683380,60476,10992,43278,high,25-34,Adyar
Post_1768,2023-07-28,tiktok,gaming,reel,india,2139923,287553,50271,26407,low,25-34,Anna Nagar
Post_1780,2023-02-04,tiktok,gaming,shorts,india,1753799,100757,89855,19963,medium,18-24,T Nagar
Post_1782,2023-07-25,youtube,challenge,tweet,india,3018214,300016,27155,10136,medium,25-34,Velachery
Post_1787,2022-01-22,instagram,viral,reel,india,2763725,53379,35169,6483,medium,18-24,Anna Nagar
Post_1789,2022-03-28,instagram,challenge,reel,india,3429630,163927,73040,10283,medium,25-34,Adyar
Post_1800,2022-11-27,twitter,gaming,reel,india,180669,7280,64009,29302,low,18-24,Nungambakkam
Post_1802,2023-06-23,youtube,dance,reel,india,3349574,467084,93624,20110,high,13-17,Adyar
Post_1804,2023-12-06,instagram,viral,reel,india,3814814,395537,75050,32906,high,18-24,Porur
Post_1828,2022-01-20,instagram,fitness,video,india,784996,495718,72882,33474,low,18-24,OMR
Post_1842,2022-08-10,instagram,music,reel,india,4997766,113205,99750,26950,low,18-24,Velachery
Post_1852,2023-09-23,twitter,fitness,reel,india,4966138,284880,79331,658,low,25-34,Porur
Post_1869,2023-03-21,twitter,comedy,shorts,india,1298529,455513,45918,41015,high,25-34,Velachery
Post_1872,2022-09-07,instagram,tech,shorts,india,301575,492868,95534,42034,high,13-17,Porur
Post_1877,2023-07-18,twitter,challenge,post,india,1181290,228496,23867,2977,high,25-34,Anna Nagar
Post_1878,2023-02-25,youtube,education,tweet,india,990147,219960,25706,45138,medium,35-50,T Nagar
Post_1895,2022-01-10,tiktok,comedy,shorts,india,569201,492614,22513,32105,medium,18-24,Porur
Post_1897,2023-10-09,twitter,comedy,tweet,india,4507100,363826,62646,25854,medium,25-34,Adyar
Post_1915,2023-02-02,youtube,challenge,shorts,india,844108,319819,36180,45727,low,25-34,Porur
Post_1932,2022-04-05,youtube,dance,post,india,3619985,168202,97388,41760,low,25-34,Nungambakkam
Post_1935,2022-03-31,youtube,education,reel,india,3370939,233815,37777,29096,high,35-50,T Nagar
Post_1938,2022-11-18,instagram,tech,tweet,india,1381662,487591,42788,34702,high,18-24,Adyar
Post_1939,2023-03-26,instagram,gaming,shorts,india,4461646,53583,54657,15128,medium,18-24,Velachery
Post_1941,2023-06-24,instagram,music,live stream,india,4781276,315498,49235,27630,low,13-17,OMR
Post_1948,2023-12-16,youtube,education,shorts,india,3203657,84559,58387,36234,low,25-34,Tambaram
Post_1950,2022-05-02,twitter,fitness,tweet,india,738822,341078,21459,47079,high,35-50,Anna Nagar
Post_1951,2022-12-01,tiktok,fitness,post,india,2530016,217176,9746,19237,low,13-17,Adyar
Post_1957,2022-05-15,tiktok,tech,video,india,725159,20810,3697,38133,medium,18-24,OMR
Post_1958,2022-02-14,instagram,tech,shorts,india,875186,131418,55237,25538,high,50+,T Nagar
Post_1962,2023-07-21,youtube,challenge,post,india,4205174,326076,53467,16260,high,25-34,Tambaram
Post_1964,2023-04-05,twitter,comedy,post,india,3136415,145298,23095,19963,low,25-34,Adyar
Post_1965,2023-04-07,youtube,music,video,india,1037395,385043,49209,9326,high,50+,Nungambakkam
Post_1969,2022-12-28,twitter,viral,tweet,india,2806355,19767,37594,1410,low,35-50,Anna Nagar
Post_1971,2022-01-14,youtube,fashion,post,india,692249,59339,46173,23289,medium,25-34,T Nagar
Post_1988,2022-08-04,twitter,tech,reel,india,724706,424691,59898,33359,low,35-50,Adyar
Post_1992,2023-05-23,twitter,education,shorts,india,3664216,95608,71443,48549,high,35-50,T Nagar
Post_2013,2023-03-11,twitter,fitness,reel,india,1891257,200446,78397,36461,high,25-34,Nungambakkam
Post_2028,2022-07-25,twitter,education,shorts,india,2231412,43911,38740,7543,high,25-34,T Nagar
Post_2029,2022-04-22,tiktok,fashion,reel,india,3298897,387916,69400,36957,low,18-24,Tambaram
Post_2040,2022-08-20,tiktok,gaming,live stream,india,633729,102671,36502,33365,high,50+,Adyar
Post_2054,2022-09-01,instagram,challenge,reel,india,2889449,114404,51912,46965,medium,25-34,Velachery
Post_2078,2023-03-23,instagram,fitness,post,india,356764,263855,20640,43357,low,13-17,T Nagar
Post_2081,2023-03-19,youtube,music,video,india,509123,259581,53583,2019,high,35-50,OMR
Post_2087,2022-01-18,twitter,music,reel,india,2255727,43344,23104,29427,low,25-34,Adyar
Post_2090,2023-11-04,instagram,viral,reel,india,1737131,359589,16428,25826,low,13-17,Anna Nagar
Post_2106,2022-12-11,tiktok,fashion,post,india,4979485,346102,73812,44802,high,18-24,Porur
Post_2109,2022-09-16,instagram,challenge,video,india,3886364,247013,99313,15416,high,18-24,Anna Nagar
Post_2114,2022-11-07,instagram,challenge,shorts,india,3692069,182095,72323,13292,medium,35-50,Velachery
Post_2116,2023-06-06,twitter,education,reel,india,1338230,350566,75830,44606,low,18-24,Adyar
Post_2119,2023-06-28,twitter,fitness,post,india,1191790,18070,38513,39735,high,35-50,T Nagar
Post_2123,2023-12-29,instagram,gaming,shorts,india,1518636,419030,5094,14494,medium,25-34,Nungambakkam
Post_2133,2023-01-31,tiktok,education,tweet,india,4016595,201094,92285,20196,medium,13-17,Velachery
Post_2159,2023-10-23,youtube,dance,post,india,3208192,148479,59728,43085,high,50+,T Nagar
Post_2164,2023-04-28,instagram,gaming,tweet,india,628363,74367,94257,13383,high,18-24,Velachery
Post_2166,2023-03-26,twitter,gaming,reel,india,3210454,289874,90165,43484,high,18-24,Adyar
Post_2172,2023-12-11,instagram,viral,video,india,933951,188820,89181,2551,high,18-24,Adyar
Post_2181,2022-02-04,twitter,music,shorts,india,4521859,43194,6727,971,high,35-50,OMR
Post_2201,2023-05-21,youtube,viral,tweet,india,2965309,180167,89358,9672,medium,18-24,T Nagar
Post_2204,2022-08-03,tiktok,gaming,live stream,india,2443283,82547,85481,19090,low,18-24,Anna Nagar
Post_2220,2022-06-30,instagram,viral,video,india,517316,364221,48454,32308,high,13-17,Tambaram
Post_2236,2023-04-01,twitter,education,reel,india,3380696,215220,38005,6655,high,18-24,T Nagar
Post_2243,2023-08-26,twitter,tech,video,india,2654590,488135,71550,15800,low,35-50,Porur
Post_2245,2022-01-16,tiktok,challenge,tweet,india,4524217,407316,32931,25862,medium,18-24,T Nagar
Post_2246,2023-08-28,twitter,fitness,tweet,india,4946908,203142,39890,30878,high,18-24,Tambaram
Post_2270,2023-02-24,tiktok,comedy,live stream,india,842016,244313,18044,22699,low,18-24,Velachery
Post_2273,2023-05-04,instagram,dance,post,india,2610314,497448,37488,3751,high,18-24,Adyar
Post_2282,2023-09-08,twitter,music,reel,india,1668627,338390,82782,10516,high,50+,T Nagar
Post_2285,2022-07-22,youtube,education,live stream,india,2181994,78102,72816,15652,high,18-24,T Nagar
Post_2300,2022-03-09,instagram,comedy,live stream,india,1557711,232504,92705,26887,medium,50+,Anna Nagar
Post_2302,2022-07-10,instagram,challenge,tweet,india,2069092,440513,93023,27202,low,18-24,T Nagar
Post_2328,2023-01-03,youtube,gaming,shorts,india,3371209,159590,1231,32209,high,18-24,Anna Nagar
Post_2330,2023-02-06,youtube,education,tweet,india,4499716,319387,40397,975,high,35-50,Adyar
Post_2338,2023-08-25,youtube,fitness,reel,india,3937165,220022,33447,40328,low,25-34,Adyar
Post_2342,2023-02-02,twitter,viral,tweet,india,3231089,101739,6371,33003,high,35-50,Tambaram
Post_2349,2023-05-11,twitter,fitness,live stream,india,2095372,123030,65568,5739,medium,50+,OMR
Post_2352,2022-08-11,tiktok,gaming,post,india,296788,433928,54838,18371,low,13-17,Adyar
Post_2360,2023-02-13,tiktok,dance,video,india,583548,159734,5218,18625,medium,13-17,Velachery
Post_2384,2023-10-04,youtube,challenge,video,india,4303440,2761,98789,28154,high,35-50,Velachery
Post_2387,2022-02-28,twitter,music,live stream,india,175519,468536,73583,28742,high,18-24,Velachery
Post_2393,2023-04-21,tiktok,fitness,post,india,3600594,292122,20092,46352,low,18-24,Tambaram
Post_2398,2023-06-03,instagram,comedy,reel,india,267595,196017,71829,28958,medium,13-17,Anna Nagar
Post_2406,2022-04-28,tiktok,music,shorts,india,168375,59089,63545,31044,high,13-17,T Nagar
Post_2407,2022-05-21,tiktok,comedy,tweet,india,2605588,324998,11214,20805,low,25-34,OMR
Post_2416,2023-07-09,twitter,comedy,tweet,india,2235474,91583,92501,28268,low,18-24,Anna Nagar
Post_2427,2023-02-12,instagram,tech,live stream,india,4466621,479028,75159,13063,low,18-24,Porur
Post_2436,2023-08-26,youtube,education,shorts,india,730387,372363,3897,3722,medium,25-34,Porur
Post_2440,2022-06-24,tiktok,fashion,live stream,india,57063,445321,50056,13751,medium,18-24,T Nagar
Post_2449,2022-02-07,tiktok,gaming,reel,india,2103742,157003,60341,40513,high,13-17,T Nagar
Post_2462,2023-08-09,instagram,fashion,live stream,india,3003531,381398,70031,25141,low,25-34,Velachery
Post_2465,2022-06-16,youtube,comedy,shorts,india,3050658,191272,53935,19636,high,13-17,Adyar
Post_2482,2022-09-13,tiktok,tech,shorts,india,4047723,238367,5924,7164,medium,25-34,Anna Nagar
Post_2485,2022-11-06,tiktok,challenge,video,india,2497149,23114,23917,18942,low,35-50,OMR
Post_2508,2023-06-06,instagram,fashion,tweet,india,4992601,389024,91886,16411,high,18-24,Adyar
Post_2509,2022-01-26,youtube,music,reel,india,1703137,293146,32428,36233,high,25-34,Anna Nagar
Post_2514,2022-03-07,youtube,fitness,video,india,2694912,28836,90228,9577,low,25-34,T Nagar
Post_2521,2023-12-15,tiktok,dance,post,india,3295972,316535,22109,19848,medium,18-24,Tambaram
Post_2538,2022-01-10,youtube,tech,video,india,4261296,160489,27495,49820,low,35-50,Anna Nagar
Post_2545,2023-10-16,instagram,comedy,post,india,1827742,68140,14386,10354,medium,35-50,Tambaram
Post_2566,2022-01-14,twitter,music,tweet,india,3596679,429470,19732,12766,high,25-34,Velachery
Post_2576,2022-06-02,instagram,dance,video,india,329482,463165,31309,31828,high,25-34,Adyar
Post_2589,2022-12-21,twitter,comedy,video,india,3878035,348866,80120,34139,low,50+,Porur
Post_2600,2023-12-03,tiktok,education,live stream,india,468457,278112,72079,5499,high,50+,Porur
Post_2609,2023-01-30,tiktok,viral,video,india,1117579,243650,99520,20065,medium,18-24,Velachery
Post_2612,2022-09-05,tiktok,comedy,post,india,95396,279129,37417,25488,low,18-24,Anna Nagar
Post_2627,2022-09-17,twitter,viral,post,india,336179,268506,44773,15742,medium,18-24,Tambaram
Post_2628,2022-06-14,youtube,education,reel,india,1436013,394721,27620,4864,high,50+,Velachery
Post_2643,2022-09-24,twitter,gaming,reel,india,2543309,40011,54069,9368,medium,18-24,T Nagar
Post_2657,2022-10-04,instagram,education,tweet,india,921280,387296,3602,17054,low,25-34,Porur
Post_2659,2022-10-14,twitter,viral,tweet,india,2705979,443040,73168,26742,high,18-24,T Nagar
Post_2666,2022-01-24,instagram,comedy,shorts,india,1691423,152626,11980,49620,medium,18-24,T Nagar
Post_2673,2022-10-02,youtube,dance,live stream,india,2586294,43890,99333,48975,high,25-34,T Nagar
Post_2680,2022-02-01,twitter,comedy,post,india,3638397,450082,73662,9308,high,50+,OMR
Post_2685,2023-03-25,instagram,tech,video,india,1121577,171196,50556,19092,medium,13-17,OMR
Post_2686,2022-07-10,youtube,education,live stream,india,1618622,30778,25340,46218,low,25-34,Anna Nagar
Post_2691,2022-01-16,youtube,music,reel,india,1683188,12857,67163,35020,high,13-17,Anna Nagar
Post_2702,2022-09-22,twitter,tech,shorts,india,4534181,203286,71736,17073,high,18-24,Anna Nagar
Post_2704,2022-09-05,twitter,challenge,reel,india,4082324,256226,63193,18181,low,25-34,OMR
Post_2708,2023-11-07,tiktok,education,live stream,india,1876306,149927,65747,27923,high,18-24,T Nagar
Post_2711,2023-09-28,tiktok,education,reel,india,4166729,213917,75721,46135,low,18-24,Porur
Post_2717,2023-12-19,twitter,comedy,video,india,435830,288717,492,10374,medium,25-34,Anna Nagar
Post_2726,2023-06-14,youtube,challenge,tweet,india,1033019,459345,67564,42749,medium,13-17,Nungambakkam
Post_2729,2022-07-27,youtube,comedy,post,india,4713381,439146,82572,17212,high,18-24,T Nagar
Post_2731,2023-12-13,instagram,challenge,tweet,india,1150787,65081,31527,30435,medium,50+,Tambaram
Post_2754,2022-03-06,youtube,dance,tweet,india,4569636,460529,21363,19829,medium,50+,Anna Nagar
Post_2777,2022-04-19,tiktok,music,reel,india,1772246,493760,4974,31362,low,18-24,T Nagar
Post_2780,2022-04-09,youtube,fitness,shorts,india,3424500,479439,45234,17018,high,25-34,Porur
Post_2784,2023-11-21,youtube,dance,video,india,3148221,85754,68644,17491,low,50+,Porur
Post_2795,2023-02-14,youtube,dance,live stream,india,254262,162743,48675,19106,low,13-17,Velachery
Post_2809,2022-05-07,tiktok,fashion,video,india,1921116,184294,14637,49378,low,25-34,OMR
Post_2829,2022-03-20,tiktok,music,live stream,india,2829947,427028,21324,41946,medium,35-50,Adyar
Post_2834,2022-03-04,tiktok,viral,live stream,india,4451895,37935,75953,5049,medium,13-17,Porur
Post_2835,2022-02-01,twitter,fashion,live stream,india,3418485,381998,46412,12524,high,18-24,Anna Nagar
Post_2841,2023-03-02,tiktok,gaming,shorts,india,669836,263122,65316,40965,medium,50+,Adyar
Post_2856,2022-07-19,tiktok,comedy,live stream,india,952111,156942,6001,23683,medium,18-24,Velachery
Post_2873,2022-01-06,tiktok,education,tweet,india,1871957,1256,81191,20129,medium,13-17,Velachery
Post_2879,2023-08-02,youtube,music,reel,india,2467372,384542,77706,4834,medium,18-24,Porur
Post_2887,2022-02-21,instagram,gaming,live stream,india,1531926,391683,51624,29359,medium,18-24,T Nagar
Post_2890,2023-01-13,twitter,education,reel,india,464125,483645,8641,4652,medium,35-50,T Nagar
Post_2907,2023-01-03,youtube,dance,tweet,india,916759,253924,68925,30788,low,35-50,Adyar
Post_2910,2022-05-21,youtube,music,shorts,india,2828967,490999,94153,16839,high,50+,OMR
Post_2926,2023-11-09,tiktok,gaming,tweet,india,3375757,368767,14499,46981,high,18-24,T Nagar
Post_2931,2023-03-27,twitter,education,tweet,india,2063181,239205,91849,32228,high,25-34,Velachery
Post_2949,2022-08-06,instagram,dance,post,india,4669272,368176,25124,26215,medium,18-24,Nungambakkam
Post_2950,2023-06-22,twitter,dance,tweet,india,920290,158850,294,20188,medium,25-34,Anna Nagar
Post_2955,2022-10-10,instagram,viral,video,india,84988,3961,66175,7174,low,18-24,OMR
Post_2972,2023-12-11,youtube,viral,video,india,2386519,206625,35508,43076,high,50+,OMR
Post_2988,2023-07-07,tiktok,dance,video,india,3541385,349668,34580,17972,medium,35-50,Velachery
Post_3012,2022-02-21,twitter,viral,reel,india,2098847,427488,31324,38758,high,25-34,Nungambakkam
Post_3021,2022-12-19,instagram,comedy,video,india,757452,53035,57545,36097,high,25-34,OMR
Post_3022,2023-07-14,youtube,music,reel,india,414396,155674,22830,45570,medium,18-24,Velachery
Post_3034,2022-12-11,instagram,viral,post,india,4032339,447185,95082,4553,low,18-24,Adyar
Post_3042,2022-01-15,youtube,viral,tweet,india,460366,243442,29282,7463,high,25-34,OMR
Post_3059,2022-03-12,tiktok,challenge,reel,india,784742,282053,19133,30108,high,18-24,Adyar
Post_3063,2023-01-21,instagram,fashion,shorts,india,1592224,151107,21352,42997,medium,50+,Porur
Post_3068,2022-05-18,tiktok,tech,reel,india,1720905,218906,90499,10677,high,25-34,Velachery
Post_3075,2022-08-25,tiktok,comedy,reel,india,2283129,127849,30815,17515,medium,18-24,Anna Nagar
Post_3079,2023-01-27,youtube,fitness,live stream,india,3874541,325908,68520,3286,low,35-50,Anna Nagar
Post_3080,2023-04-07,youtube,dance,live stream,india,4659825,163124,24416,5516,low,18-24,T Nagar
Post_3083,2022-10-26,youtube,gaming,post,india,704858,426448,3515,6655,high,18-24,T Nagar
Post_3087,2023-05-18,twitter,education,live stream,india,3086921,424972,73584,48752,medium,25-34,Porur
Post_3108,2023-07-28,tiktok,music,video,india,244108,178981,59828,38033,high,18-24,OMR
Post_3142,2022-07-24,twitter,dance,post,india,3684565,82773,32745,7069,high,35-50,OMR
Post_3157,2023-07-13,tiktok,fashion,tweet,india,3881244,322762,69154,45772,low,18-24,Adyar
Post_3169,2023-01-06,twitter,fashion,shorts,india,3923288,442212,71040,4338,medium,35-50,Tambaram
Post_3174,2023-07-06,tiktok,tech,video,india,3847940,382933,33818,35325,high,25-34,Velachery
Post_3184,2023-08-13,twitter,fitness,post,india,2526693,23428,62797,28304,medium,25-34,Porur
Post_3195,2022-07-10,youtube,fashion,post,india,4576712,135578,31719,36180,low,35-50,Velachery
Post_3196,2022-09-30,instagram,fitness,shorts,india,3228575,264811,27451,24414,high,18-24,Porur
Post_3198,2022-10-12,twitter,fashion,post,india,939606,232692,8846,36166,high,18-24,OMR
Post_3208,2022-12-23,instagram,challenge,post,india,4431107,465657,33665,5015,medium,18-24,Anna Nagar
Post_3224,2022-03-25,instagram,fashion,video,india,4771704,282262,66844,16684,low,18-24,Adyar
Post_3231,2023-05-08,youtube,tech,post,india,975799,320442,87429,44516,medium,13-17,Adyar
Post_3235,2022-04-15,twitter,viral,post,india,1459533,280764,84256,47050,high,25-34,T Nagar
Post_3239,2023-07-30,twitter,fashion,post,india,1912431,337274,36656,4315,medium,25-34,Adyar
Post_3240,2022-07-25,instagram,fitness,shorts,india,2023201,336333,92713,45633,medium,18-24,Anna Nagar
Post_3244,2022-09-26,youtube,dance,reel,india,2650048,201072,22798,18675,medium,50+,T Nagar
Post_3252,2023-06-14,instagram,education,reel,india,4566449,141902,86919,12914,low,25-34,Nungambakkam
Post_3255,2022-08-31,youtube,dance,post,india,1573021,200432,97595,27975,low,35-50,OMR
Post_3263,2023-08-03,youtube,viral,reel,india,1841123,218186,94436,7059,low,18-24,Porur
Post_3265,2022-02-03,twitter,challenge,reel,india,4139390,438609,12994,30472,low,25-34,OMR
Post_3271,2023-05-29,tiktok,challenge,reel,india,1499889,478518,92766,2125,high,35-50,Velachery
Post_3280,2022-12-31,instagram,fitness,video,india,2036540,16738,9695,43757,high,25-34,Adyar
Post_3285,2022-12-27,instagram,viral,live stream,india,39781,423500,50945,34819,low,25-34,OMR
Post_3292,2023-09-20,twitter,dance,video,india,787450,213237,54881,48926,low,25-34,Nungambakkam
Post_3296,2022-04-01,twitter,gaming,tweet,india,1304797,347996,28393,10689,low,18-24,Anna Nagar
Post_3299,2023-10-02,tiktok,dance,video,india,1251162,39272,23630,41190,low,18-24,Porur
Post_3322,2022-06-28,youtube,fitness,post,india,4542259,260423,7198,14245,medium,18-24,Porur
Post_3324,2023-05-20,youtube,music,shorts,india,4070231,349435,15210,11363,medium,35-50,OMR
Post_3330,2023-05-07,tiktok,tech,shorts,india,1188268,460471,79903,19165,high,18-24,Nungambakkam
Post_3339,2022-03-07,tiktok,fashion,video,india,314380,381858,20552,7705,high,50+,Velachery
Post_3347,2022-01-29,tiktok,comedy,tweet,india,891861,222648,81518,14286,high,50+,Nungambakkam
Post_3357,2022-09-01,youtube,music,shorts,india,3586750,163309,99334,48057,medium,18-24,OMR
Post_3366,2022-11-28,tiktok,gaming,reel,india,1606741,308802,18650,24236,high,18-24,T Nagar
Post_3377,2022-03-10,tiktok,music,reel,india,4931757,144977,90468,7093,medium,35-50,Porur
Post_3383,2023-12-19,twitter,education,live stream,india,1077987,76579,48878,18605,medium,50+,Velachery
Post_3387,2022-07-08,youtube,gaming,post,india,4927642,277064,78365,31902,medium,25-34,Velachery
Post_3393,2023-12-09,tiktok,dance,tweet,india,4621186,175590,67235,11738,high,18-24,Adyar
Post_3395,2022-09-04,tiktok,fashion,shorts,india,4577755,342839,82420,6066,low,18-24,T Nagar
Post_3410,2022-02-07,twitter,music,reel,india,3655004,73738,6675,37956,high,35-50,Velachery
Post_3417,2023-03-09,youtube,dance,live stream,india,4208579,63502,18314,39729,low,18-24,Tambaram
Post_3427,2023-02-01,instagram,gaming,post,india,2460263,108243,73742,33958,high,25-34,T Nagar
Post_3429,2022-08-10,youtube,fitness,live stream,india,4217451,78361,96864,20204,low,13-17,Anna Nagar
Post_3437,2023-10-31,youtube,gaming,live stream,india,2898290,53307,32466,37220,low,13-17,T Nagar
Post_3453,2022-10-09,instagram,fashion,post,india,4048901,50694,92406,8402,high,18-24,Velachery
Post_3456,2023-04-30,instagram,fitness,tweet,india,52567,309679,88484,2957,low,18-24,OMR
Post_3463,2023-10-15,twitter,dance,video,india,3360585,236038,32101,22848,low,25-34,Tambaram
Post_3477,2023-03-16,youtube,fashion,reel,india,2079129,345250,56296,21081,medium,25-34,Nungambakkam
Post_3481,2022-10-06,tiktok,fitness,live stream,india,1998816,141958,6106,24332,medium,18-24,Adyar
Post_3485,2022-05-18,instagram,viral,post,india,2043510,481273,53976,25707,medium,18-24,Anna Nagar
Post_3495,2022-01-05,youtube,tech,tweet,india,713253,330560,24640,17612,medium,18-24,Porur
Post_3503,2023-11-17,tiktok,fitness,shorts,india,3408919,334245,59555,45940,low,50+,Tambaram
Post_3516,2023-01-22,instagram,viral,live stream,india,1110655,290104,57393,23702,high,18-24,Adyar
Post_3521,2022-01-25,twitter,gaming,tweet,india,2047224,191543,60305,25760,medium,25-34,OMR
Post_3527,2022-03-12,instagram,fitness,tweet,india,1264685,227648,29351,23301,high,25-34,Porur
Post_3534,2023-06-29,instagram,fashion,post,india,4852257,464130,22228,5534,high,50+,OMR
Post_3535,2022-11-03,twitter,music,tweet,india,358699,140507,3318,44969,low,18-24,Velachery
Post_3539,2022-06-05,twitter,dance,post,india,2482008,223766,81282,17889,low,35-50,OMR
Post_3548,2023-06-22,instagram,music,live stream,india,1757386,22752,36095,37939,low,25-34,T Nagar
Post_3549,2022-03-05,youtube,fashion,shorts,india,3824879,459271,74779,46026,high,25-34,Velachery
Post_3554,2023-06-28,tiktok,education,reel,india,4876804,233872,97880,8155,medium,13-17,Velachery
Post_3556,2023-02-06,twitter,fashion,live stream,india,1062530,330277,30868,13235,low,35-50,T Nagar
Post_3580,2022-05-07,instagram,education,video,india,2367228,440739,70043,20486,high,13-17,T Nagar
Post_3598,2023-10-05,youtube,tech,post,india,1554895,431835,16198,47031,low,25-34,T Nagar
Post_3601,2023-01-26,youtube,dance,shorts,india,691916,158855,55805,10217,high,35-50,OMR
Post_3622,2023-09-11,tiktok,challenge,tweet,india,4618412,7728,2040,46537,low,18-24,Tambaram
Post_3633,2022-01-26,instagram,education,reel,india,4625228,96042,96828,30562,high,35-50,Nungambakkam
Post_3640,2022-08-06,tiktok,music,video,india,1003490,190310,21357,39466,high,13-17,Anna Nagar
Post_3686,2022-02-12,twitter,dance,shorts,india,1884862,249922,29934,46886,low,35-50,Adyar
Post_3692,2023-10-08,instagram,fashion,tweet,india,2926591,5898,89,6431,low,18-24,Nungambakkam
Post_3700,2022-12-15,tiktok,tech,shorts,india,2711553,160878,41722,11012,medium,18-24,T Nagar
Post_3704,2023-05-24,tiktok,dance,live stream,india,487342,207862,37985,34639,low,13-17,OMR
Post_3710,2022-09-20,youtube,fitness,tweet,india,1955706,361088,80015,8735,high,50+,Tambaram
Post_3711,2022-05-29,twitter,comedy,post,india,128846,69446,99612,12359,high,18-24,T Nagar
Post_3725,2023-02-18,youtube,gaming,video,india,2694418,415576,79914,6931,high,18-24,Porur
Post_3743,2022-05-05,twitter,fashion,post,india,2207974,361247,47396,5021,medium,25-34,Tambaram
Post_3745,2023-02-25,tiktok,gaming,reel,india,1032891,127535,53968,43870,high,25-34,T Nagar
Post_3763,2023-06-21,tiktok,gaming,tweet,india,2430582,247328,36608,17278,high,18-24,T Nagar
Post_3767,2023-10-02,instagram,viral,live stream,india,1405081,174642,70414,820,low,13-17,T Nagar
Post_3768,2022-05-01,tiktok,challenge,post,india,513589,314068,81740,24653,low,18-24,Anna Nagar
Post_3774,2023-04-18,youtube,fitness,live stream,india,2662468,395901,43291,11180,high,18-24,Adyar
Post_3775,2022-08-29,youtube,viral,tweet,india,4335697,323246,92331,23780,medium,18-24,Adyar
Post_3779,2022-04-18,tiktok,fashion,live stream,india,3922765,98519,13450,23794,medium,18-24,Anna Nagar
Post_3785,2023-12-24,twitter,challenge,tweet,india,4956068,390506,15516,5293,low,35-50,Porur
Post_3790,2022-08-29,instagram,dance,post,india,4002076,199918,60118,5823,low,18-24,Velachery
Post_3791,2022-12-17,instagram,education,shorts,india,1532579,318112,7994,1220,medium,18-24,T Nagar
Post_3807,2022-05-17,instagram,fashion,shorts,india,3609099,34382,13782,22498,low,18-24,Anna Nagar
Post_3814,2023-05-01,youtube,fitness,reel,india,54266,434656,76960,40771,low,50+,Adyar
Post_3826,2023-07-27,tiktok,viral,reel,india,2386255,369252,59222,5491,medium,50+,Velachery
Post_3828,2022-05-03,tiktok,viral,reel,india,2649565,350482,73302,8582,low,25-34,Anna Nagar
Post_3832,2023-05-11,instagram,fitness,reel,india,1521329,324725,63572,46365,low,18-24,T Nagar
Post_3845,2022-10-01,instagram,challenge,shorts,india,1050906,57416,10271,31691,low,13-17,Tambaram
Post_3853,2022-09-21,tiktok,tech,shorts,india,4447357,457067,39849,14331,low,18-24,Nungambakkam
Post_3870,2023-08-08,tiktok,gaming,shorts,india,4145988,46772,34624,45318,high,18-24,Anna Nagar
Post_3878,2023-03-16,twitter,comedy,reel,india,3302311,175383,78519,38208,medium,25-34,Velachery
Post_3884,2023-03-22,twitter,fashion,tweet,india,3397817,471014,75767,31710,high,35-50,Adyar
Post_3892,2022-06-20,youtube,fashion,video,india,1749243,139816,95490,3867,low,35-50,OMR
Post_3896,2023-03-08,youtube,fitness,reel,india,1863453,326354,13905,20155,low,35-50,Velachery
Post_3897,2023-03-22,twitter,dance,tweet,india,759536,388100,89052,38951,low,25-34,Porur
Post_3902,2022-08-03,twitter,dance,live stream,india,4027776,199325,98891,41321,low,35-50,Adyar
Post_3916,2023-05-23,instagram,viral,tweet,india,297878,267634,48829,47518,medium,18-24,Velachery
Post_3917,2022-11-29,instagram,music,post,india,2397124,484304,78146,4295,low,13-17,OMR
Post_3923,2022-04-10,twitter,dance,live stream,india,4707489,308133,52155,27297,low,35-50,Nungambakkam
Post_3935,2022-01-11,youtube,gaming,post,india,3577981,355446,61987,18325,high,13-17,Tambaram
Post_3937,2023-07-03,youtube,music,live stream,india,4153771,162185,6853,26355,medium,25-34,T Nagar
Post_3938,2023-11-22,instagram,comedy,shorts,india,3523284,272930,96467,47190,low,18-24,Anna Nagar
Post_3963,2022-10-01,tiktok,challenge,shorts,india,2429444,73347,34856,10627,high,25-34,Velachery
Post_3967,2023-01-01,youtube,challenge,live stream,india,831664,281099,74034,35394,high,35-50,Anna Nagar
Post_3993,2022-01-28,twitter,fitness,post,india,1671364,127067,2495,5413,low,25-34,OMR
Post_3994,2022-05-31,twitter,music,video,india,722275,356481,92576,5159,low,35-50,Tambaram
Post_3998,2022-06-22,instagram,fitness,video,india,819360,249139,23677,17298,high,18-24,OMR
Post_4003,2022-12-03,youtube,viral,tweet,india,1532152,114456,95705,32194,medium,25-34,Nungambakkam
Post_4016,2023-07-22,youtube,dance,post,india,3762530,197063,39052,11363,high,35-50,Anna Nagar
Post_4017,2022-08-15,tiktok,challenge,tweet,india,3646904,398181,9171,20163,high,25-34,Porur
Post_4030,2022-03-30,instagram,gaming,post,india,3428164,338911,99243,18226,low,50+,Tambaram
Post_4077,2023-08-30,youtube,music,live stream,india,850783,352600,91742,39257,medium,18-24,Velachery
Post_4078,2023-10-12,twitter,fitness,post,india,4859286,76757,34856,6594,medium,35-50,OMR
Post_4081,2022-12-03,tiktok,challenge,tweet,india,3286984,1798,28963,13208,medium,25-34,T Nagar
Post_4093,2022-11-27,youtube,gaming,video,india,563236,178212,62933,8833,medium,50+,Tambaram
Post_4094,2023-12-24,youtube,gaming,post,india,1245756,352809,22951,43886,low,18-24,Adyar
Post_4096,2023-04-13,instagram,dance,post,india,2146139,401975,20858,4445,high,25-34,Anna Nagar
Post_4101,2022-07-11,youtube,challenge,reel,india,2578640,495952,58968,33480,low,25-34,OMR
Post_4108,2022-10-19,instagram,tech,live stream,india,3088456,53845,23471,49774,high,18-24,OMR
Post_4109,2023-07-04,youtube,fashion,reel,india,543029,255089,39969,49268,high,25-34,Anna Nagar
Post_4116,2022-04-06,twitter,fitness,post,india,4161514,359846,61977,23808,low,25-34,T Nagar
Post_4124,2022-07-26,youtube,education,post,india,1770791,26696,32378,46190,high,25-34,Velachery
Post_4132,2023-05-28,instagram,dance,post,india,361268,1264,42106,23444,high,35-50,Adyar
Post_4135,2023-05-08,twitter,music,reel,india,3285708,265284,24271,48485,low,25-34,Porur
Post_4145,2022-03-03,instagram,challenge,reel,india,378801,462818,74567,16848,high,25-34,Porur
Post_4147,2023-03-13,twitter,education,live stream,india,4863626,161724,81649,48891,low,25-34,Adyar
Post_4153,2022-03-20,tiktok,challenge,shorts,india,427399,347981,86598,26949,medium,13-17,Tambaram
Post_4155,2022-06-13,instagram,fashion,video,india,935217,284958,36811,25488,medium,18-24,Velachery
Post_4166,2022-12-08,instagram,gaming,reel,india,1067477,59345,84587,49878,high,18-24,OMR
Post_4176,2023-10-05,instagram,viral,reel,india,4422263,135404,43976,34379,low,18-24,Anna Nagar
Post_4183,2023-11-13,tiktok,dance,live stream,india,2259900,145744,42773,5579,medium,18-24,Velachery
Post_4184,2022-07-28,instagram,viral,post,india,3661779,399252,71009,10389,medium,18-24,OMR
Post_4186,2023-09-27,tiktok,tech,post,india,1154006,343894,69313,27094,high,18-24,T Nagar
Post_4201,2022-02-18,twitter,tech,shorts,india,4426725,158336,67298,41529,low,18-24,OMR
Post_4202,2023-08-21,youtube,education,live stream,india,3001319,440022,76480,23204,high,25-34,Tambaram
Post_4216,2023-06-13,tiktok,viral,shorts,india,935563,150323,29577,19651,high,13-17,Velachery
Post_4223,2023-11-16,instagram,challenge,tweet,india,3278174,102658,57093,39631,low,35-50,Velachery
Post_4226,2023-12-05,twitter,fitness,shorts,india,328897,147381,42373,23817,medium,35-50,Porur
Post_4239,2023-10-14,instagram,viral,shorts,india,1575723,253050,16141,35096,high,25-34,Tambaram
Post_4247,2023-10-23,youtube,viral,live stream,india,4278442,428476,2568,28273,high,18-24,Anna Nagar
Post_4248,2022-03-31,twitter,education,tweet,india,3848380,301810,6280,29762,medium,35-50,Anna Nagar
Post_4266,2022-03-14,instagram,gaming,live stream,india,4926269,264064,91827,1032,high,25-34,OMR
Post_4271,2023-05-02,twitter,fitness,post,india,304335,292726,57503,40349,low,35-50,Adyar
Post_4283,2023-01-05,tiktok,fashion,post,india,249167,103790,7499,15286,high,13-17,T Nagar
Post_4299,2023-05-24,twitter,comedy,reel,india,4491907,492953,25891,28083,high,25-34,Anna Nagar
Post_4311,2023-04-02,instagram,fitness,reel,india,1825709,104030,69496,17900,high,35-50,Porur
Post_4316,2022-11-27,youtube,tech,reel,india,2932639,87828,55827,27573,medium,25-34,OMR
Post_4322,2023-04-19,youtube,fitness,reel,india,3693552,249768,16084,5323,medium,25-34,Nungambakkam
Post_4324,2022-02-21,youtube,comedy,post,india,2725186,453828,56158,21964,high,25-34,Tambaram
Post_4332,2023-03-21,youtube,gaming,tweet,india,2224355,277794,58198,36236,high,25-34,Nungambakkam
Post_4334,2023-09-16,instagram,fashion,tweet,india,3084526,328466,50665,1143,low,13-17,Anna Nagar
Post_4337,2022-12-28,tiktok,gaming,shorts,india,2897766,200954,87327,8808,medium,25-34,Tambaram
Post_4338,2023-08-01,twitter,challenge,video,india,154645,16361,52378,49516,high,18-24,T Nagar
Post_4348,2022-09-12,youtube,fashion,reel,india,82665,62403,34856,42188,low,25-34,OMR
Post_4360,2023-07-03,instagram,music,video,india,4309403,216401,26305,39385,low,18-24,Velachery
Post_4370,2023-09-03,twitter,fitness,live stream,india,3338024,257886,33840,16547,low,25-34,Anna Nagar
Post_4397,2023-11-26,tiktok,fashion,tweet,india,582999,200303,2292,45395,high,13-17,Porur
Post_4403,2022-08-21,twitter,gaming,live stream,india,4775115,173834,81079,11190,low,35-50,Porur
Post_4413,2022-09-09,twitter,fitness,post,india,813436,150574,60145,45183,low,35-50,T Nagar
Post_4418,2022-10-15,instagram,gaming,video,india,2257240,452058,18608,10444,low,18-24,Adyar
Post_4422,2022-11-20,instagram,viral,video,india,267239,358950,54558,25006,low,13-17,Velachery
Post_4430,2022-08-05,twitter,tech,live stream,india,3490352,413255,51747,17805,medium,18-24,Velachery
Post_4441,2022-07-10,tiktok,fitness,shorts,india,3072740,261975,66794,31510,medium,35-50,Tambaram
Post_4450,2022-02-06,twitter,fashion,reel,india,2803598,227995,2103,35208,medium,25-34,Anna Nagar
Post_4464,2023-01-15,twitter,challenge,tweet,india,3247592,76079,75922,31681,high,25-34,Nungambakkam
Post_4484,2023-06-16,tiktok,dance,tweet,india,292774,182788,97632,18942,high,13-17,T Nagar
Post_4487,2023-05-13,twitter,dance,live stream,india,4482313,170103,66262,46723,high,25-34,OMR
Post_4490,2022-07-23,youtube,challenge,live stream,india,1235026,220260,76228,39918,high,35-50,OMR
Post_4492,2023-04-08,tiktok,tech,reel,india,4601011,27813,42268,46788,high,25-34,Anna Nagar
Post_4502,2023-08-17,tiktok,challenge,shorts,india,3123791,288683,39757,32872,medium,25-34,Anna Nagar
Post_4510,2023-07-16,youtube,education,video,india,1335449,145891,14293,37944,high,13-17,Tambaram
Post_4513,2023-05-24,youtube,comedy,shorts,india,2049729,346628,61047,40956,medium,18-24,Tambaram
Post_4518,2023-10-24,youtube,fashion,video,india,2760244,179236,69819,8842,medium,13-17,Anna Nagar
Post_4526,2022-11-21,twitter,dance,post,india,1418279,211899,96255,2567,low,18-24,Adyar
Post_4528,2022-09-10,twitter,education,video,india,2000324,91564,66074,21963,medium,18-24,T Nagar
Post_4530,2023-03-19,youtube,music,post,india,2398278,346013,69432,23242,low,18-24,Anna Nagar
Post_4531,2023-02-16,instagram,gaming,shorts,india,3073012,362550,15841,26557,low,18-24,Velachery
Post_4533,2022-12-01,tiktok,comedy,tweet,india,1677328,147334,15048,20462,low,35-50,T Nagar
Post_4536,2022-11-29,twitter,music,tweet,india,1745217,395015,1527,1127,high,25-34,Tambaram
Post_4538,2023-04-22,youtube,tech,reel,india,1590502,132452,45282,37835,low,35-50,OMR
Post_4540,2022-05-20,tiktok,comedy,tweet,india,3053697,307679,89535,42890,high,25-34,Nungambakkam
Post_4545,2023-03-24,twitter,comedy,reel,india,3660291,150358,60232,44168,low,18-24,OMR
Post_4552,2023-07-03,twitter,education,post,india,199923,120835,10819,11318,medium,35-50,Nungambakkam
Post_4557,2023-06-08,instagram,dance,video,india,808212,283585,28197,42085,medium,18-24,Adyar
Post_4558,2022-01-06,youtube,viral,live stream,india,2927977,443197,69420,23401,medium,25-34,Adyar
Post_4559,2022-05-25,tiktok,comedy,reel,india,3991596,263367,65801,20748,low,18-24,Nungambakkam
Post_4571,2022-06-20,instagram,education,shorts,india,4755630,369132,72628,1581,low,50+,OMR
Post_4574,2022-02-05,youtube,dance,live stream,india,4159829,263829,77015,8741,high,18-24,T Nagar
Post_4586,2023-09-29,tiktok,fitness,reel,india,4099779,9695,81909,2348,low,18-24,OMR
Post_4603,2022-10-11,twitter,gaming,tweet,india,3777754,202276,35884,41913,high,50+,Porur
Post_4621,2023-12-26,instagram,music,reel,india,4461089,251802,50220,49414,medium,13-17,Tambaram
Post_4622,2022-04-26,youtube,fashion,post,india,4645972,426458,75602,34866,low,25-34,Adyar
Post_4629,2023-03-26,youtube,music,shorts,india,4789012,74240,22761,43777,high,35-50,OMR
Post_4632,2022-08-17,youtube,education,live stream,india,222005,489558,26045,37407,high,35-50,Nungambakkam
Post_4637,2023-06-16,youtube,dance,reel,india,686780,177626,13437,6268,low,50+,T Nagar
Post_4638,2023-07-05,youtube,fashion,shorts,india,670658,197098,52298,47586,medium,50+,OMR
Post_4669,2022-08-06,tiktok,music,post,india,4546518,220008,9171,8949,low,13-17,Anna Nagar
Post_4679,2023-04-29,twitter,challenge,video,india,711095,185937,90904,25280,low,35-50,OMR
Post_4683,2023-11-25,youtube,viral,shorts,india,2514127,402527,19990,30948,high,25-34,Adyar
Post_4684,2022-04-28,instagram,gaming,live stream,india,297130,156713,2924,15183,high,25-34,T Nagar
Post_4692,2022-07-31,twitter,education,shorts,india,8162,285470,60984,43541,high,18-24,Anna Nagar
Post_4696,2023-12-10,tiktok,music,video,india,3809385,406344,48563,29507,high,25-34,OMR
Post_4699,2022-02-10,tiktok,challenge,live stream,india,4033514,337654,97426,20972,low,50+,T Nagar
Post_4712,2023-09-21,tiktok,fitness,live stream,india,2864591,79967,39479,6156,high,35-50,Anna Nagar
Post_4719,2023-10-10,instagram,viral,post,india,2216125,449987,37594,38581,high,18-24,Tambaram
Post_4726,2022-03-08,instagram,viral,video,india,2934790,77308,84676,8936,low,13-17,Anna Nagar
Post_4734,2022-07-14,instagram,fashion,video,india,811919,220241,66953,6617,low,18-24,Velachery
Post_4747,2022-02-20,twitter,fitness,live stream,india,3327912,51574,51539,29622,medium,35-50,Nungambakkam
Post_4748,2022-11-27,twitter,challenge,live stream,india,641205,300091,92655,43197,medium,35-50,Anna Nagar
Post_4752,2023-10-31,youtube,music,tweet,india,4962798,142287,79299,31575,high,25-34,Velachery
Post_4754,2023-04-17,instagram,gaming,live stream,india,3097651,268306,65885,16747,high,13-17,Adyar
Post_4755,2022-12-18,youtube,challenge,video,india,3232709,17533,73322,45503,low,25-34,Tambaram
Post_4758,2022-01-17,twitter,comedy,tweet,india,1219338,54007,33919,26510,medium,25-34,Porur
Post_4760,2023-05-17,youtube,music,tweet,india,2050005,495359,98876,31147,high,50+,Porur
Post_4765,2022-06-30,tiktok,fitness,shorts,india,4001869,426578,74476,13790,medium,25-34,Tambaram
Post_4766,2023-02-27,youtube,viral,post,india,2237936,126499,7462,31727,medium,18-24,Anna Nagar
Post_4769,2023-07-29,instagram,music,post,india,1027847,362060,47435,37002,low,18-24,T Nagar
Post_4786,2023-11-06,twitter,music,live stream,india,318117,384817,87062,42578,high,18-24,Velachery
Post_4801,2022-05-02,instagram,challenge,shorts,india,3521257,499054,62073,40943,medium,50+,T Nagar
Post_4829,2022-02-24,instagram,gaming,reel,india,3432236,220593,79638,11255,low,18-24,OMR
Post_4834,2022-06-06,tiktok,dance,shorts,india,3960394,222714,85120,6448,low,18-24,OMR
Post_4853,2022-08-06,youtube,comedy,live stream,india,1975939,451179,64867,14319,low,18-24,T Nagar
Post_4875,2022-05-01,twitter,tech,reel,india,1725937,394633,84477,15862,high,35-50,Tambaram
Post_4877,2022-11-04,tiktok,music,live stream,india,2253650,180313,80998,43440,high,25-34,Anna Nagar
Post_4883,2023-02-12,tiktok,tech,reel,india,2783646,442401,9749,39725,low,25-34,Velachery
Post_4889,2022-12-04,youtube,viral,reel,india,149465,131247,2304,41069,low,18-24,OMR
Post_4890,2023-05-06,twitter,gaming,reel,india,40996,495489,67515,42200,low,25-34,Velachery
Post_4896,2023-08-11,youtube,gaming,live stream,india,451915,161293,22025,44625,high,18-24,Velachery
Post_4897,2022-11-12,instagram,fashion,live stream,india,3383652,59292,59643,13191,high,25-34,T Nagar
Post_4901,2022-09-25,tiktok,gaming,reel,india,2475611,243377,66500,16986,low,13-17,Velachery
Post_4902,2022-01-09,twitter,gaming,post,india,736350,54581,85663,16461,low,25-34,Tambaram
Post_4905,2022-07-13,tiktok,viral,reel,india,4001546,116022,79124,31477,medium,35-50,Porur
Post_4906,2022-12-28,youtube,education,post,india,1057190,149710,26362,169,medium,35-50,Velachery
Post_4927,2023-07-24,tiktok,comedy,post,india,4295731,465556,90487,31455,low,18-24,Velachery
Post_4936,2022-11-10,tiktok,challenge,tweet,india,3023404,114034,14652,21531,medium,18-24,OMR
Post_4938,2023-04-24,tiktok,challenge,tweet,india,1500986,248601,41601,21993,medium,13-17,Nungambakkam
Post_4944,2022-01-20,tiktok,fashion,video,india,3075439,492842,52193,38190,medium,25-34,Anna Nagar
Post_4946,2023-04-26,tiktok,gaming,live stream,india,3581458,343959,80457,45964,high,25-34,Velachery
Post_4956,2023-02-17,instagram,music,tweet,india,3587965,292099,62484,3435,high,18-24,Tambaram
Post_4964,2022-11-21,twitter,tech,live stream,india,3503515,468859,41272,8727,medium,25-34,Adyar
Post_4969,2023-05-23,tiktok,music,shorts,india,3910747,18623,78332,10429,high,35-50,T Nagar
Post_4986,2023-12-14,tiktok,music,live stream,india,379978,409651,84380,34427,low,35-50,OMR
